time;utilisation
0;0.0
1;100.0
2;0.0
3;100.0
4;0.0
5;100.0
6;0.0
7;100.0
8;0.0
9;100.0
10;99.8
11;0.2
12;100.0
13;0.0
14;100.0
15;0.0
16;100.0
17;0.0
18;100.0
19;99.8
20;0.2
21;100.0
22;0.0
23;100.0
24;0.0
25;100.0
26;0.0
27;100.0
28;99.8
29;0.2
30;100.0
31;0.0
32;100.0
33;0.0
34;100.0
35;0.0
36;100.0
37;99.9
38;0.1
39;100.0
40;0.0
41;100.0
42;0.0
43;100.0
44;0.0
45;100.0
46;99.9
47;0.1
48;100.0
49;0.0
50;100.0
51;0.0
52;100.0
53;0.0
54;100.0
55;99.9
56;0.1
57;100.0
58;0.0
59;100.0
60;0.0
61;100.0
62;0.0
63;100.0
64;99.8
65;0.2
66;100.0
67;0.0
68;100.0
69;0.0
70;100.0
71;0.0
72;100.0
73;99.8
74;0.2
75;100.0
76;0.0
77;100.0
78;0.0
79;100.0
80;0.0
81;100.0
82;99.8
83;0.2
84;100.0
85;0.0
86;100.0
87;0.0
88;100.0
89;0.0
90;100.0
91;99.8
92;0.2
93;100.0
94;0.0
95;100.0
96;0.0
97;100.0
98;0.0
99;100.0
100;99.8
101;0.2
102;100.0
103;0.0
104;100.0
105;0.0
106;100.0
107;0.0
108;100.0
109;99.8
110;0.2
111;100.0
112;0.0
113;100.0
114;0.0
115;100.0
116;0.0
117;100.0
118;99.8
119;0.2
120;100.0
121;0.0
122;100.0
123;0.0
124;100.0
125;0.0
126;100.0
127;99.8
128;0.2
129;100.0
130;0.0
131;100.0
132;0.0
133;100.0
134;0.0
135;100.0
136;99.9
137;0.1
138;100.0
139;0.0
140;100.0
141;0.0
142;100.0
143;0.0
144;100.0
145;99.9
146;0.1
147;100.0
148;0.0
149;100.0
150;0.0
151;100.0
152;0.0
153;100.0
154;99.9
155;0.1
156;100.0
157;0.0
158;100.0
159;0.0
160;100.0
161;0.0
162;100.0
163;99.9
164;0.1
165;100.0
166;0.0
167;100.0
168;0.0
169;100.0
170;0.0
171;100.0
172;99.9
173;0.1
174;100.0
175;0.0
176;100.0
177;0.0
178;100.0
179;0.0
180;100.0
181;99.9
182;0.1
183;100.0
184;0.0
185;100.0
186;0.0
187;100.0
188;0.0
189;100.0
190;99.9
191;0.1
192;100.0
193;0.0
194;100.0
195;0.0
196;100.0
197;0.0
198;100.0
199;99.9
200;0.1
201;100.0
202;0.0
203;100.0
204;0.0
205;100.0
206;0.0
207;100.0
208;99.9
209;0.1
210;100.0
211;0.0
212;100.0
213;0.0
214;100.0
215;0.0
216;100.0
217;99.9
218;0.1
219;100.0
220;0.0
221;100.0
222;0.0
223;100.0
224;0.0
225;100.0
226;99.9
227;0.1
228;100.0
229;0.0
230;100.0
231;0.0
232;100.0
233;0.0
234;100.0
235;99.9
236;0.1
237;100.0
238;0.0
239;100.0
240;0.0
241;100.0
242;0.0
243;100.0
244;99.9
245;0.1
246;100.0
247;0.0
248;100.0
249;0.0
250;100.0
251;0.0
252;100.0
253;99.9
254;0.1
255;100.0
256;0.0
257;100.0
258;0.0
259;100.0
260;0.0
261;100.0
262;99.8
263;0.2
264;100.0
265;0.0
266;100.0
267;0.0
268;100.0
269;0.0
270;100.0
271;99.8
272;0.2
273;100.0
274;0.0
275;100.0
276;0.0
277;100.0
278;0.0
279;100.0
280;99.8
281;0.2
282;100.0
283;0.0
284;100.0
285;0.0
286;100.0
287;0.0
288;100.0
289;99.8
290;0.2
291;100.0
292;0.0
293;100.0
294;0.0
295;100.0
296;0.0
297;100.0
298;99.8
299;0.2
300;100.0
301;0.0
302;100.0
303;0.0
304;100.0
305;0.0
306;100.0
307;99.8
308;0.2
309;100.0
310;0.0
311;100.0
312;0.0
313;100.0
314;0.0
315;100.0
316;99.8
317;0.2
318;100.0
319;0.0
320;100.0
321;0.0
322;100.0
323;0.0
324;100.0
325;99.8
326;0.2
327;100.0
328;0.0
329;100.0
330;0.0
331;100.0
332;0.0
333;100.0
334;99.8
335;0.2
336;100.0
337;0.0
338;100.0
339;0.0
340;100.0
341;0.0
342;100.0
343;99.8
344;0.2
345;100.0
346;0.0
347;100.0
348;0.0
349;100.0
350;0.0
351;100.0
352;99.8
353;0.2
354;100.0
355;0.0
356;100.0
357;0.0
358;100.0
359;0.0
360;100.0
361;99.8
362;0.2
363;100.0
364;0.0
365;100.0
366;0.0
367;100.0
368;0.0
369;100.0
370;99.8
371;0.2
372;100.0
373;0.0
374;100.0
375;0.0
376;100.0
377;0.0
378;100.0
379;99.8
380;0.2
381;100.0
382;0.0
383;100.0
384;0.0
385;100.0
386;0.0
387;100.0
388;99.8
389;0.2
390;100.0
391;0.0
392;100.0
393;0.0
394;100.0
395;0.0
396;100.0
397;99.8
398;0.2
399;100.0
400;0.0
401;100.0
402;0.0
403;100.0
404;0.0
405;100.0
406;99.8
407;0.2
408;100.0
409;0.0
410;100.0
411;0.0
412;100.0
413;0.0
414;100.0
415;99.8
416;0.2
417;100.0
418;0.0
419;100.0
420;0.0
421;100.0
422;0.0
423;100.0
424;99.8
425;0.2
426;100.0
427;0.0
428;100.0
429;0.0
430;100.0
431;0.0
432;100.0
433;99.8
434;0.2
435;100.0
436;0.0
437;100.0
438;0.0
439;100.0
440;0.0
441;100.0
442;99.8
443;0.2
444;100.0
445;0.0
446;100.0
447;0.0
448;100.0
449;0.0
450;100.0
451;99.8
452;0.2
453;100.0
454;0.0
455;100.0
456;0.0
457;100.0
458;0.0
459;100.0
460;99.8
461;0.2
462;100.0
463;0.0
464;100.0
465;0.0
466;100.0
467;0.0
468;100.0
469;99.8
470;0.2
471;100.0
472;0.0
473;100.0
474;0.0
475;100.0
476;0.0
477;100.0
478;99.8
479;0.2
480;100.0
481;0.0
482;100.0
483;0.0
484;100.0
485;0.0
486;100.0
487;99.8
488;0.2
489;100.0
490;0.0
491;100.0
492;0.0
493;100.0
494;0.0
495;100.0
496;99.8
497;0.2
498;100.0
499;0.0
500;100.0
501;0.0
502;100.0
503;0.0
504;100.0
505;99.8
506;0.2
507;100.0
508;0.0
509;100.0
510;0.0
511;100.0
512;0.0
513;100.0
514;99.8
515;0.2
516;100.0
517;0.0
518;100.0
519;0.0
520;100.0
521;0.0
522;100.0
523;99.8
524;0.2
525;100.0
526;0.0
527;100.0
528;0.0
529;100.0
530;0.0
531;100.0
532;99.8
533;0.2
534;100.0
535;0.0
536;100.0
537;0.0
538;100.0
539;0.0
540;100.0
541;99.8
542;0.2
543;100.0
544;0.0
545;100.0
546;0.0
547;100.0
548;0.0
549;100.0
550;99.8
551;0.2
552;100.0
553;0.0
554;100.0
555;0.0
556;100.0
557;0.0
558;100.0
559;99.8
560;0.2
561;100.0
562;0.0
563;100.0
564;0.0
565;100.0
566;0.0
567;100.0
568;99.8
569;0.2
570;100.0
571;0.0
572;100.0
573;0.0
574;100.0
575;0.0
576;100.0
577;99.8
578;0.2
579;100.0
580;0.0
581;100.0
582;0.0
583;100.0
584;0.0
585;100.0
586;99.8
587;0.2
588;100.0
589;0.0
590;100.0
591;0.0
592;100.0
593;0.0
594;100.0
595;99.8
596;0.2
597;100.0
598;0.0
599;100.0
600;0.0
601;100.0
602;0.0
603;100.0
604;99.8
605;0.2
606;100.0
607;0.0
608;100.0
609;0.0
610;100.0
611;0.0
612;100.0
613;99.8
614;0.2
615;100.0
616;0.0
617;100.0
618;0.0
619;100.0
620;0.0
621;100.0
622;99.8
623;0.2
624;100.0
625;0.0
626;100.0
627;0.0
628;100.0
629;0.0
630;100.0
631;99.8
632;0.2
633;100.0
634;0.0
635;100.0
636;0.0
637;100.0
638;0.0
639;100.0
640;99.8
641;0.2
642;100.0
643;0.0
644;100.0
645;0.0
646;100.0
647;0.0
648;100.0
649;99.8
650;0.2
651;100.0
652;0.0
653;100.0
654;0.0
655;100.0
656;0.0
657;100.0
658;99.8
659;0.2
660;100.0
661;0.0
662;100.0
663;0.0
664;100.0
665;0.0
666;100.0
667;99.8
668;0.2
669;100.0
670;0.0
671;100.0
672;0.0
673;100.0
674;0.0
675;100.0
676;99.8
677;0.2
678;100.0
679;0.0
680;100.0
681;0.0
682;100.0
683;0.0
684;100.0
685;99.8
686;0.2
687;100.0
688;0.0
689;100.0
690;0.0
691;100.0
692;0.0
693;100.0
694;99.8
695;0.2
696;100.0
697;0.0
698;100.0
699;0.0
700;100.0
701;0.0
702;100.0
703;99.8
704;0.2
705;100.0
706;0.0
707;100.0
708;0.0
709;100.0
710;0.0
711;100.0
712;99.8
713;0.2
714;100.0
715;0.0
716;100.0
717;0.0
718;100.0
719;0.0
720;100.0
721;99.8
722;0.2
723;100.0
724;0.0
725;100.0
726;0.0
727;100.0
728;0.0
729;100.0
730;99.8
731;0.2
732;100.0
733;0.0
734;100.0
735;0.0
736;100.0
737;0.0
738;100.0
739;99.8
740;0.2
741;100.0
742;0.0
743;100.0
744;0.0
745;100.0
746;0.0
747;100.0
748;99.8
749;0.2
750;100.0
751;0.0
752;100.0
753;0.0
754;100.0
755;0.0
756;100.0
757;99.8
758;0.2
759;100.0
760;0.0
761;100.0
762;0.0
763;100.0
764;0.0
765;100.0
766;99.8
767;0.2
768;100.0
769;0.0
770;100.0
771;0.0
772;100.0
773;0.0
774;100.0
775;99.8
776;0.2
777;100.0
778;0.0
779;100.0
780;0.0
781;100.0
782;0.0
783;100.0
784;99.8
785;0.2
786;100.0
787;0.0
788;100.0
789;0.0
790;100.0
791;0.0
792;100.0
793;99.8
794;0.2
795;100.0
796;0.0
797;100.0
798;0.0
799;100.0
800;0.0
801;100.0
802;99.8
803;0.2
804;100.0
805;0.0
806;100.0
807;0.0
808;100.0
809;0.0
810;100.0
811;99.8
812;0.2
813;100.0
814;0.0
815;100.0
816;0.0
817;100.0
818;0.0
819;100.0
820;99.8
821;0.2
822;100.0
823;0.0
824;100.0
825;0.0
826;100.0
827;0.0
828;100.0
829;99.8
830;0.2
831;100.0
832;0.0
833;100.0
834;0.0
835;100.0
836;0.0
837;100.0
838;99.8
839;0.2
840;100.0
841;0.0
842;100.0
843;0.0
844;100.0
845;0.0
846;100.0
847;99.8
848;0.2
849;100.0
850;0.0
851;100.0
852;0.0
853;100.0
854;0.0
855;100.0
856;99.8
857;0.2
858;100.0
859;0.0
860;100.0
861;0.0
862;100.0
863;0.0
864;100.0
865;99.8
866;0.2
867;100.0
868;0.0
869;100.0
870;0.0
871;100.0
872;0.0
873;100.0
874;99.8
875;0.2
876;100.0
877;0.0
878;100.0
879;0.0
880;100.0
881;0.0
882;100.0
883;99.8
884;0.2
885;100.0
886;0.0
887;100.0
888;0.0
889;100.0
890;0.0
891;100.0
892;99.8
893;0.2
894;100.0
895;0.0
896;100.0
897;0.0
898;100.0
899;0.0
900;100.0
901;99.8
902;0.2
903;100.0
904;0.0
905;100.0
906;0.0
907;100.0
908;0.0
909;100.0
910;99.8
911;0.2
912;100.0
913;0.0
914;100.0
915;0.0
916;100.0
917;0.0
918;100.0
919;99.8
920;0.2
921;100.0
922;0.0
923;100.0
924;0.0
925;100.0
926;0.0
927;100.0
928;99.8
929;0.2
930;100.0
931;0.0
932;100.0
933;0.0
934;100.0
935;0.0
936;100.0
937;99.8
938;0.2
939;100.0
940;0.0
941;100.0
942;0.0
943;100.0
944;0.0
945;100.0
946;99.8
947;0.2
948;100.0
949;0.0
950;100.0
951;0.0
952;100.0
953;0.0
954;100.0
955;99.8
956;0.2
957;100.0
958;0.0
959;100.0
960;0.0
961;100.0
962;0.0
963;100.0
964;99.8
965;0.2
966;100.0
967;0.0
968;100.0
969;0.0
970;100.0
971;0.0
972;100.0
973;99.8
974;0.2
975;100.0
976;0.0
977;100.0
978;0.0
979;100.0
980;0.0
981;100.0
982;99.8
983;0.2
984;100.0
985;0.0
986;100.0
987;0.0
988;100.0
989;0.0
990;100.0
991;99.8
992;0.2
993;100.0
994;0.0
995;100.0
996;0.0
997;100.0
998;0.0
999;100.0
1000;99.8
1001;0.2
1002;100.0
1003;0.0
1004;100.0
1005;0.0
1006;100.0
1007;0.0
1008;100.0
1009;99.8
1010;0.2
1011;100.0
1012;0.0
1013;100.0
1014;0.0
1015;100.0
1016;0.0
1017;100.0
1018;99.8
1019;0.2
1020;100.0
1021;0.0
1022;100.0
1023;0.0
1024;99.9
1025;0.1
1026;100.0
1027;99.8
1028;0.2
1029;100.0
1030;0.0
1031;100.0
1032;0.0
1033;100.0
1034;0.0
1035;100.0
1036;99.8
1037;0.2
1038;100.0
1039;0.0
1040;100.0
1041;0.0
1042;100.0
1043;0.0
1044;100.0
1045;99.8
1046;0.2
1047;100.0
1048;0.0
1049;100.0
1050;0.0
1051;100.0
1052;0.0
1053;100.0
1054;99.8
1055;0.2
1056;100.0
1057;0.0
1058;100.0
1059;0.0
1060;100.0
1061;0.0
1062;100.0
1063;99.8
1064;0.2
1065;100.0
1066;0.0
1067;100.0
1068;0.0
1069;100.0
1070;0.0
1071;100.0
1072;99.8
1073;0.2
1074;100.0
1075;0.0
1076;100.0
1077;0.0
1078;100.0
1079;0.0
1080;100.0
1081;99.8
1082;0.2
1083;100.0
1084;0.0
1085;100.0
1086;0.0
1087;100.0
1088;0.0
1089;100.0
1090;99.8
1091;0.2
1092;100.0
1093;0.0
1094;100.0
1095;0.0
1096;100.0
1097;0.0
1098;100.0
1099;99.8
1100;0.2
1101;100.0
1102;0.0
1103;100.0
1104;0.0
1105;100.0
1106;0.0
1107;100.0
1108;99.8
1109;0.2
1110;100.0
1111;0.0
1112;100.0
1113;0.0
1114;100.0
1115;0.0
1116;100.0
1117;99.8
1118;0.2
1119;100.0
1120;0.0
1121;100.0
1122;0.0
1123;100.0
1124;0.0
1125;100.0
1126;99.8
1127;0.2
1128;100.0
1129;0.0
1130;100.0
1131;0.0
1132;100.0
1133;0.0
1134;100.0
1135;99.8
1136;0.2
1137;100.0
1138;0.0
1139;100.0
1140;0.0
1141;100.0
1142;0.0
1143;100.0
1144;99.8
1145;0.2
1146;100.0
1147;0.0
1148;100.0
1149;0.0
1150;100.0
1151;0.0
1152;100.0
1153;99.8
1154;0.2
1155;100.0
1156;0.0
1157;100.0
1158;0.0
1159;100.0
1160;0.0
1161;100.0
1162;99.8
1163;0.2
1164;100.0
1165;0.0
1166;100.0
1167;0.0
1168;100.0
1169;0.0
1170;100.0
1171;99.8
1172;0.2
1173;100.0
1174;0.0
1175;100.0
1176;0.0
1177;100.0
1178;0.0
1179;100.0
1180;99.8
1181;0.2
1182;100.0
1183;0.0
1184;100.0
1185;0.0
1186;100.0
1187;0.0
1188;100.0
1189;99.8
1190;0.2
1191;100.0
1192;0.0
1193;100.0
1194;0.0
1195;100.0
1196;0.0
1197;100.0
1198;99.8
1199;0.2
1200;100.0
1201;0.0
1202;100.0
1203;0.0
1204;100.0
1205;0.0
1206;100.0
1207;99.8
1208;0.2
1209;100.0
1210;0.0
1211;100.0
1212;0.0
1213;100.0
1214;0.0
1215;100.0
1216;99.8
1217;0.2
1218;100.0
1219;0.0
1220;100.0
1221;0.0
1222;100.0
1223;0.0
1224;100.0
1225;99.8
1226;0.2
1227;100.0
1228;0.0
1229;100.0
1230;0.0
1231;100.0
1232;0.0
1233;100.0
1234;99.8
1235;0.2
1236;100.0
1237;0.0
1238;100.0
1239;0.0
1240;100.0
1241;0.0
1242;100.0
1243;99.8
1244;0.2
1245;100.0
1246;0.0
1247;100.0
1248;0.0
1249;100.0
1250;0.0
1251;100.0
1252;99.8
1253;0.2
1254;100.0
1255;0.0
1256;100.0
1257;0.0
1258;100.0
1259;0.0
1260;100.0
1261;99.8
1262;0.2
1263;100.0
1264;0.0
1265;100.0
1266;0.0
1267;100.0
1268;0.0
1269;100.0
1270;99.8
1271;0.2
1272;100.0
1273;0.0
1274;100.0
1275;0.0
1276;100.0
1277;0.0
1278;100.0
1279;99.8
1280;0.2
1281;100.0
1282;0.0
1283;100.0
1284;0.0
1285;100.0
1286;0.0
1287;100.0
1288;99.8
1289;0.2
1290;100.0
1291;0.0
1292;100.0
1293;0.0
1294;100.0
1295;0.0
1296;100.0
1297;99.8
1298;0.2
1299;100.0
1300;0.0
1301;100.0
1302;0.0
1303;100.0
1304;0.0
1305;100.0
1306;99.8
1307;0.2
1308;100.0
1309;0.0
1310;100.0
1311;0.0
1312;100.0
1313;0.0
1314;100.0
1315;99.8
1316;0.2
1317;100.0
1318;0.0
1319;100.0
1320;0.0
1321;100.0
1322;0.0
1323;100.0
1324;99.8
1325;0.2
1326;100.0
1327;0.0
1328;100.0
1329;0.0
1330;100.0
1331;0.0
1332;100.0
1333;99.8
1334;0.2
1335;100.0
1336;0.0
1337;100.0
1338;0.0
1339;100.0
1340;0.0
1341;100.0
1342;99.8
1343;0.2
1344;100.0
1345;0.0
1346;100.0
1347;0.0
1348;100.0
1349;0.0
1350;100.0
1351;99.8
1352;0.2
1353;100.0
1354;0.0
1355;100.0
1356;0.0
1357;100.0
1358;0.0
1359;100.0
1360;99.8
1361;0.2
1362;100.0
1363;0.0
1364;100.0
1365;0.0
1366;100.0
1367;0.0
1368;100.0
1369;99.8
1370;0.2
1371;100.0
1372;0.0
1373;100.0
1374;0.0
1375;100.0
1376;0.0
1377;100.0
1378;99.8
1379;0.2
1380;100.0
1381;0.0
1382;100.0
1383;0.0
1384;100.0
1385;0.0
1386;100.0
1387;99.8
1388;0.2
1389;100.0
1390;0.0
1391;100.0
1392;0.0
1393;100.0
1394;0.0
1395;100.0
1396;99.8
1397;0.2
1398;100.0
1399;0.0
1400;100.0
1401;0.0
1402;100.0
1403;0.0
1404;100.0
1405;99.8
1406;0.2
1407;100.0
1408;0.0
1409;100.0
1410;0.0
1411;100.0
1412;0.0
1413;100.0
1414;99.8
1415;0.2
1416;100.0
1417;0.0
1418;100.0
1419;0.0
1420;100.0
1421;0.0
1422;100.0
1423;99.8
1424;0.2
1425;100.0
1426;0.0
1427;100.0
1428;0.0
1429;100.0
1430;0.0
1431;100.0
1432;99.8
1433;0.2
1434;100.0
1435;0.0
1436;100.0
1437;0.0
1438;100.0
1439;0.0
1440;100.0
1441;99.8
1442;0.2
1443;100.0
1444;0.0
1445;100.0
1446;0.0
1447;100.0
1448;0.0
1449;100.0
1450;99.8
1451;0.2
1452;100.0
1453;0.0
1454;100.0
1455;0.0
1456;100.0
1457;0.0
1458;100.0
1459;99.8
1460;0.2
1461;100.0
1462;0.0
1463;100.0
1464;0.0
1465;100.0
1466;0.0
1467;100.0
1468;99.8
1469;0.2
1470;100.0
1471;0.0
1472;100.0
1473;0.0
1474;100.0
1475;0.0
1476;100.0
1477;99.8
1478;0.2
1479;100.0
1480;0.0
1481;100.0
1482;0.0
1483;100.0
1484;0.0
1485;100.0
1486;99.8
1487;0.2
1488;100.0
1489;0.0
1490;100.0
1491;0.0
1492;100.0
1493;0.0
1494;100.0
1495;99.8
1496;0.2
1497;100.0
1498;0.0
1499;100.0
1500;0.0
1501;100.0
1502;0.0
1503;100.0
1504;99.8
1505;0.2
1506;100.0
1507;0.0
1508;100.0
1509;0.0
1510;100.0
1511;0.0
1512;100.0
1513;99.8
1514;0.2
1515;100.0
1516;0.0
1517;100.0
1518;0.0
1519;100.0
1520;0.0
1521;100.0
1522;99.8
1523;0.2
1524;100.0
1525;0.0
1526;100.0
1527;0.0
1528;100.0
1529;0.0
1530;100.0
1531;99.8
1532;0.2
1533;100.0
1534;0.0
1535;100.0
1536;0.0
1537;100.0
1538;0.0
1539;100.0
1540;99.8
1541;0.2
1542;100.0
1543;0.0
1544;100.0
1545;0.0
1546;100.0
1547;0.0
1548;100.0
1549;99.8
1550;0.2
1551;100.0
1552;0.0
1553;100.0
1554;0.0
1555;100.0
1556;0.0
1557;100.0
1558;99.8
1559;0.2
1560;100.0
1561;0.0
1562;100.0
1563;0.0
1564;100.0
1565;0.0
1566;100.0
1567;99.8
1568;0.2
1569;100.0
1570;0.0
1571;100.0
1572;0.0
1573;100.0
1574;0.0
1575;100.0
1576;99.8
1577;0.2
1578;100.0
1579;0.0
1580;100.0
1581;0.0
1582;100.0
1583;0.0
1584;100.0
1585;99.8
1586;0.2
1587;100.0
1588;0.0
1589;100.0
1590;0.0
1591;100.0
1592;0.0
1593;100.0
1594;99.8
1595;0.2
1596;100.0
1597;0.0
1598;100.0
1599;0.0
1600;100.0
1601;0.0
1602;100.0
1603;99.8
1604;0.2
1605;100.0
1606;0.0
1607;100.0
1608;0.0
1609;100.0
1610;0.0
1611;100.0
1612;99.8
1613;0.2
1614;100.0
1615;0.0
1616;100.0
1617;0.0
1618;100.0
1619;0.0
1620;100.0
1621;99.8
1622;0.2
1623;100.0
1624;0.0
1625;100.0
1626;0.0
1627;100.0
1628;0.0
1629;100.0
1630;99.8
1631;0.2
1632;100.0
1633;0.0
1634;100.0
1635;0.0
1636;100.0
1637;0.0
1638;100.0
1639;99.8
1640;0.2
1641;100.0
1642;0.0
1643;100.0
1644;0.0
1645;100.0
1646;0.0
1647;100.0
1648;99.8
1649;0.2
1650;100.0
1651;0.0
1652;100.0
1653;0.0
1654;100.0
1655;0.0
1656;100.0
1657;99.8
1658;0.2
1659;100.0
1660;0.0
1661;100.0
1662;0.0
1663;100.0
1664;0.0
1665;100.0
1666;99.8
1667;0.2
1668;100.0
1669;0.0
1670;100.0
1671;0.0
1672;100.0
1673;0.0
1674;100.0
1675;99.8
1676;0.2
1677;100.0
1678;0.0
1679;100.0
1680;0.0
1681;100.0
1682;0.0
1683;100.0
1684;99.8
1685;0.2
1686;100.0
1687;0.0
1688;100.0
1689;0.0
1690;100.0
1691;0.0
1692;100.0
1693;99.8
1694;0.2
1695;100.0
1696;0.0
1697;100.0
1698;0.0
1699;100.0
1700;0.0
1701;100.0
1702;99.8
1703;0.2
1704;100.0
1705;0.0
1706;100.0
1707;0.0
1708;100.0
1709;0.0
1710;100.0
1711;99.8
1712;0.2
1713;100.0
1714;0.0
1715;100.0
1716;0.0
1717;100.0
1718;0.0
1719;100.0
1720;99.8
1721;0.2
1722;100.0
1723;0.0
1724;100.0
1725;0.0
1726;100.0
1727;0.0
1728;100.0
1729;99.8
1730;0.2
1731;100.0
1732;0.0
1733;100.0
1734;0.0
1735;100.0
1736;0.0
1737;100.0
1738;99.8
1739;0.2
1740;100.0
1741;0.0
1742;100.0
1743;0.0
1744;100.0
1745;0.0
1746;100.0
1747;99.8
1748;0.2
1749;100.0
1750;0.0
1751;100.0
1752;0.0
1753;100.0
1754;0.0
1755;100.0
1756;99.8
1757;0.2
1758;100.0
1759;0.0
1760;100.0
1761;0.0
1762;100.0
1763;0.0
1764;100.0
1765;99.8
1766;0.2
1767;100.0
1768;0.0
1769;100.0
1770;0.0
1771;100.0
1772;0.0
1773;100.0
1774;99.8
1775;0.2
1776;100.0
1777;0.0
1778;100.0
1779;0.0
1780;100.0
1781;0.0
1782;100.0
1783;99.8
1784;0.2
1785;100.0
1786;0.0
1787;100.0
1788;0.0
1789;100.0
1790;0.0
1791;100.0
1792;99.8
1793;0.2
1794;100.0
1795;0.0
1796;100.0
1797;0.0
1798;100.0
1799;0.0
1800;100.0
1801;99.8
1802;0.2
1803;100.0
1804;0.0
1805;100.0
1806;0.0
1807;100.0
1808;0.0
1809;100.0
1810;99.8
1811;0.2
1812;100.0
1813;0.0
1814;100.0
1815;0.0
1816;100.0
1817;0.0
1818;100.0
1819;99.8
1820;0.2
1821;100.0
1822;0.0
1823;100.0
1824;0.0
1825;100.0
1826;0.0
1827;100.0
1828;99.8
1829;0.2
1830;100.0
1831;0.0
1832;100.0
1833;0.0
1834;100.0
1835;0.0
1836;100.0
1837;99.8
1838;0.2
1839;100.0
1840;0.0
1841;100.0
1842;0.0
1843;100.0
1844;0.0
1845;100.0
1846;99.8
1847;0.2
1848;100.0
1849;0.0
1850;100.0
1851;0.0
1852;100.0
1853;0.0
1854;100.0
1855;99.8
1856;0.2
1857;100.0
1858;0.0
1859;100.0
1860;0.0
1861;100.0
1862;0.0
1863;100.0
1864;99.8
1865;0.2
1866;100.0
1867;0.0
1868;100.0
1869;0.0
1870;100.0
1871;0.0
1872;100.0
1873;99.8
1874;0.2
1875;100.0
1876;0.0
1877;100.0
1878;0.0
1879;100.0
1880;0.0
1881;100.0
1882;99.8
1883;0.2
1884;100.0
1885;0.0
1886;100.0
1887;0.0
1888;100.0
1889;0.0
1890;100.0
1891;99.8
1892;0.2
1893;100.0
1894;0.0
1895;100.0
1896;0.0
1897;100.0
1898;0.0
1899;100.0
1900;99.8
1901;0.2
1902;100.0
1903;0.0
1904;100.0
1905;0.0
1906;100.0
1907;0.0
1908;100.0
1909;99.8
1910;0.2
1911;100.0
1912;0.0
1913;100.0
1914;0.0
1915;100.0
1916;0.0
1917;100.0
1918;99.8
1919;0.2
1920;100.0
1921;0.0
1922;100.0
1923;0.0
1924;100.0
1925;0.0
1926;100.0
1927;99.8
1928;0.2
1929;100.0
1930;0.0
1931;100.0
1932;0.0
1933;100.0
1934;0.0
1935;100.0
1936;99.8
1937;0.2
1938;100.0
1939;0.0
1940;100.0
1941;0.0
1942;100.0
1943;0.0
1944;100.0
1945;99.8
1946;0.2
1947;100.0
1948;0.0
1949;100.0
1950;0.0
1951;100.0
1952;0.0
1953;100.0
1954;99.8
1955;0.2
1956;100.0
1957;0.0
1958;100.0
1959;0.0
1960;100.0
1961;0.0
1962;100.0
1963;99.8
1964;0.2
1965;100.0
1966;0.0
1967;100.0
1968;0.0
1969;100.0
1970;0.0
1971;100.0
1972;99.8
1973;0.2
1974;100.0
1975;0.0
1976;100.0
1977;0.0
1978;100.0
1979;0.0
1980;100.0
1981;99.8
1982;0.2
1983;100.0
1984;0.0
1985;100.0
1986;0.0
1987;100.0
1988;0.0
1989;100.0
1990;99.8
1991;0.2
1992;100.0
1993;0.0
1994;100.0
1995;0.0
1996;100.0
1997;0.0
1998;100.0
1999;99.8
2000;0.2
2001;100.0
2002;0.0
2003;100.0
2004;0.0
2005;100.0
2006;0.0
2007;100.0
2008;99.8
2009;0.2
2010;100.0
2011;0.0
2012;100.0
2013;0.0
2014;100.0
2015;0.0
2016;100.0
2017;99.8
2018;0.2
2019;100.0
2020;0.0
2021;100.0
2022;0.0
2023;100.0
2024;0.0
2025;100.0
2026;99.8
2027;0.2
2028;100.0
2029;0.0
2030;100.0
2031;0.0
2032;100.0
2033;0.0
2034;100.0
2035;99.8
2036;0.2
2037;100.0
2038;0.0
2039;100.0
2040;0.0
2041;100.0
2042;0.0
2043;100.0
2044;99.8
2045;0.2
2046;100.0
2047;0.0
2048;100.0
2049;0.0
2050;100.0
2051;0.0
2052;100.0
2053;99.8
2054;0.2
2055;100.0
2056;0.0
2057;100.0
2058;0.0
2059;100.0
2060;0.0
2061;100.0
2062;99.8
2063;0.2
2064;100.0
2065;0.0
2066;100.0
2067;0.0
2068;100.0
2069;0.0
2070;100.0
2071;99.8
2072;0.2
2073;100.0
2074;0.0
2075;100.0
2076;0.0
2077;100.0
2078;0.0
2079;100.0
2080;99.8
2081;0.2
2082;100.0
2083;0.0
2084;100.0
2085;0.0
2086;100.0
2087;0.0
2088;100.0
2089;99.8
2090;0.2
2091;100.0
2092;0.0
2093;100.0
2094;0.0
2095;100.0
2096;0.0
2097;100.0
2098;99.8
2099;0.2
2100;100.0
2101;0.0
2102;100.0
2103;0.0
2104;100.0
2105;0.0
2106;100.0
2107;99.8
2108;0.2
2109;100.0
2110;0.0
2111;100.0
2112;0.0
2113;100.0
2114;0.0
2115;100.0
2116;99.8
2117;0.2
2118;100.0
2119;0.0
2120;100.0
2121;0.0
2122;100.0
2123;0.0
2124;100.0
2125;99.8
2126;0.2
2127;100.0
2128;0.0
2129;100.0
2130;0.0
2131;100.0
2132;0.0
2133;100.0
2134;99.8
2135;0.2
2136;100.0
2137;0.0
2138;100.0
2139;0.0
2140;100.0
2141;0.0
2142;100.0
2143;99.8
2144;0.2
2145;100.0
2146;0.0
2147;100.0
2148;0.0
2149;100.0
2150;0.0
2151;100.0
2152;99.8
2153;0.2
2154;100.0
2155;0.0
2156;100.0
2157;0.0
2158;100.0
2159;0.0
2160;100.0
2161;99.8
2162;0.2
2163;100.0
2164;0.0
2165;100.0
2166;0.0
2167;100.0
2168;0.0
2169;100.0
2170;99.8
2171;0.2
2172;100.0
2173;0.0
2174;100.0
2175;0.0
2176;100.0
2177;0.0
2178;100.0
2179;99.8
2180;0.2
2181;100.0
2182;0.0
2183;100.0
2184;0.0
2185;100.0
2186;0.0
2187;100.0
2188;99.8
2189;0.2
2190;100.0
2191;0.0
2192;100.0
2193;0.0
2194;100.0
2195;0.0
2196;100.0
2197;99.8
2198;0.2
2199;100.0
2200;0.0
2201;100.0
2202;0.0
2203;100.0
2204;0.0
2205;100.0
2206;99.8
2207;0.2
2208;100.0
2209;0.0
2210;100.0
2211;0.0
2212;100.0
2213;0.0
2214;100.0
2215;99.8
2216;0.2
2217;100.0
2218;0.0
2219;100.0
2220;0.0
2221;100.0
2222;0.0
2223;100.0
2224;99.8
2225;0.2
2226;100.0
2227;0.0
2228;100.0
2229;0.0
2230;100.0
2231;0.0
2232;100.0
2233;99.8
2234;0.2
2235;100.0
2236;0.0
2237;100.0
2238;0.0
2239;100.0
2240;0.0
2241;100.0
2242;99.8
2243;0.2
2244;100.0
2245;0.0
2246;100.0
2247;0.0
2248;100.0
2249;0.0
2250;100.0
2251;99.8
2252;0.2
2253;100.0
2254;0.0
2255;100.0
2256;0.0
2257;100.0
2258;0.0
2259;100.0
2260;99.8
2261;0.2
2262;100.0
2263;0.0
2264;100.0
2265;0.0
2266;100.0
2267;0.0
2268;100.0
2269;99.8
2270;0.2
2271;100.0
2272;0.0
2273;100.0
2274;0.0
2275;100.0
2276;0.0
2277;100.0
2278;99.8
2279;0.2
2280;100.0
2281;0.0
2282;100.0
2283;0.0
2284;100.0
2285;0.0
2286;100.0
2287;99.8
2288;0.2
2289;100.0
2290;0.0
2291;100.0
2292;0.0
2293;100.0
2294;0.0
2295;100.0
2296;99.8
2297;0.2
2298;100.0
2299;0.0
2300;100.0
2301;0.0
2302;100.0
2303;0.0
2304;100.0
2305;99.8
2306;0.2
2307;100.0
2308;0.0
2309;100.0
2310;0.0
2311;100.0
2312;0.0
2313;100.0
2314;99.8
2315;0.2
2316;100.0
2317;0.0
2318;100.0
2319;0.0
2320;100.0
2321;0.0
2322;100.0
2323;99.8
2324;0.2
2325;100.0
2326;0.0
2327;100.0
2328;0.0
2329;100.0
2330;0.0
2331;100.0
2332;99.8
2333;0.2
2334;100.0
2335;0.0
2336;100.0
2337;0.0
2338;100.0
2339;0.0
2340;100.0
2341;99.8
2342;0.2
2343;100.0
2344;0.0
2345;100.0
2346;0.0
2347;100.0
2348;0.0
2349;100.0
2350;99.8
2351;0.2
2352;100.0
2353;0.0
2354;100.0
2355;0.0
2356;100.0
2357;0.0
2358;100.0
2359;99.8
2360;0.2
2361;100.0
2362;0.0
2363;100.0
2364;0.0
2365;100.0
2366;0.0
2367;100.0
2368;99.8
2369;0.2
2370;100.0
2371;0.0
2372;100.0
2373;0.0
2374;100.0
2375;0.0
2376;100.0
2377;99.8
2378;0.2
2379;100.0
2380;0.0
2381;100.0
2382;0.0
2383;100.0
2384;0.0
2385;100.0
2386;99.8
2387;0.2
2388;100.0
2389;0.0
2390;100.0
2391;0.0
2392;100.0
2393;0.0
2394;100.0
2395;99.8
2396;0.2
2397;100.0
2398;0.0
2399;100.0
2400;0.0
2401;100.0
2402;0.0
2403;100.0
2404;99.8
2405;0.2
2406;100.0
2407;0.0
2408;100.0
2409;0.0
2410;100.0
2411;0.0
2412;100.0
2413;99.8
2414;0.2
2415;100.0
2416;0.0
2417;100.0
2418;0.0
2419;100.0
2420;0.0
2421;100.0
2422;99.8
2423;0.2
2424;100.0
2425;0.0
2426;100.0
2427;0.0
2428;100.0
2429;0.0
2430;100.0
2431;99.8
2432;0.2
2433;100.0
2434;0.0
2435;100.0
2436;0.0
2437;100.0
2438;0.0
2439;100.0
2440;99.8
2441;0.2
2442;100.0
2443;0.0
2444;100.0
2445;0.0
2446;100.0
2447;0.0
2448;100.0
2449;99.8
2450;0.2
2451;100.0
2452;0.0
2453;100.0
2454;0.0
2455;100.0
2456;0.0
2457;100.0
2458;99.8
2459;0.2
2460;100.0
2461;0.0
2462;100.0
2463;0.0
2464;100.0
2465;0.0
2466;100.0
2467;99.8
2468;0.2
2469;100.0
2470;0.0
2471;100.0
2472;0.0
2473;100.0
2474;0.0
2475;100.0
2476;99.8
2477;0.2
2478;100.0
2479;0.0
2480;100.0
2481;0.0
2482;100.0
2483;0.0
2484;100.0
2485;99.8
2486;0.2
2487;100.0
2488;0.0
2489;100.0
2490;0.0
2491;100.0
2492;0.0
2493;100.0
2494;99.8
2495;0.2
2496;100.0
2497;0.0
2498;100.0
2499;0.0
2500;100.0
2501;0.0
2502;100.0
2503;99.8
2504;0.2
2505;100.0
2506;0.0
2507;100.0
2508;0.0
2509;100.0
2510;0.0
2511;100.0
2512;99.8
2513;0.2
2514;100.0
2515;0.0
2516;100.0
2517;0.0
2518;100.0
2519;0.0
2520;100.0
2521;99.8
2522;0.2
2523;100.0
2524;0.0
2525;100.0
2526;0.0
2527;100.0
2528;0.0
2529;100.0
2530;99.8
2531;0.2
2532;100.0
2533;0.0
2534;100.0
2535;0.0
2536;100.0
2537;0.0
2538;100.0
2539;99.8
2540;0.2
2541;100.0
2542;0.0
2543;100.0
2544;0.0
2545;100.0
2546;0.0
2547;100.0
2548;99.8
2549;0.2
2550;100.0
2551;0.0
2552;100.0
2553;0.0
2554;100.0
2555;0.0
2556;100.0
2557;99.8
2558;0.2
2559;100.0
2560;0.0
2561;100.0
2562;0.0
2563;100.0
2564;0.0
2565;100.0
2566;99.8
2567;0.2
2568;100.0
2569;0.0
2570;100.0
2571;0.0
2572;100.0
2573;0.0
2574;100.0
2575;99.8
2576;0.2
2577;100.0
2578;0.0
2579;100.0
2580;0.0
2581;100.0
2582;0.0
2583;100.0
2584;99.8
2585;0.2
2586;100.0
2587;0.0
2588;100.0
2589;0.0
2590;100.0
2591;0.0
2592;100.0
2593;99.8
2594;0.2
2595;100.0
2596;0.0
2597;100.0
2598;0.0
2599;100.0
2600;0.0
2601;100.0
2602;99.8
2603;0.2
2604;100.0
2605;0.0
2606;100.0
2607;0.0
2608;100.0
2609;0.0
2610;100.0
2611;99.8
2612;0.2
2613;100.0
2614;0.0
2615;100.0
2616;0.0
2617;100.0
2618;0.0
2619;100.0
2620;99.8
2621;0.2
2622;100.0
2623;0.0
2624;100.0
2625;0.0
2626;100.0
2627;0.0
2628;100.0
2629;99.8
2630;0.2
2631;100.0
2632;0.0
2633;100.0
2634;0.0
2635;100.0
2636;0.0
2637;100.0
2638;99.8
2639;0.2
2640;100.0
2641;0.0
2642;100.0
2643;0.0
2644;100.0
2645;0.0
2646;100.0
2647;99.8
2648;0.2
2649;100.0
2650;0.0
2651;100.0
2652;0.0
2653;100.0
2654;0.0
2655;100.0
2656;99.8
2657;0.2
2658;100.0
2659;0.0
2660;100.0
2661;0.0
2662;100.0
2663;0.0
2664;100.0
2665;99.8
2666;0.2
2667;100.0
2668;0.0
2669;100.0
2670;0.0
2671;100.0
2672;0.0
2673;100.0
2674;99.8
2675;0.2
2676;100.0
2677;0.0
2678;100.0
2679;0.0
2680;100.0
2681;0.0
2682;100.0
2683;99.8
2684;0.2
2685;100.0
2686;0.0
2687;100.0
2688;0.0
2689;100.0
2690;0.0
2691;100.0
2692;99.8
2693;0.2
2694;100.0
2695;0.0
2696;100.0
2697;0.0
2698;100.0
2699;0.0
2700;100.0
2701;99.8
2702;0.2
2703;100.0
2704;0.0
2705;100.0
2706;0.0
2707;100.0
2708;0.0
2709;100.0
2710;99.8
2711;0.2
2712;100.0
2713;0.0
2714;100.0
2715;0.0
2716;100.0
2717;0.0
2718;100.0
2719;99.8
2720;0.2
2721;100.0
2722;0.0
2723;100.0
2724;0.0
2725;100.0
2726;0.0
2727;100.0
2728;99.8
2729;0.2
2730;100.0
2731;0.0
2732;100.0
2733;0.0
2734;100.0
2735;0.0
2736;100.0
2737;99.8
2738;0.2
2739;100.0
2740;0.0
2741;100.0
2742;0.0
2743;100.0
2744;0.0
2745;100.0
2746;99.8
2747;0.2
2748;100.0
2749;0.0
2750;100.0
2751;0.0
2752;100.0
2753;0.0
2754;100.0
2755;99.8
2756;0.2
2757;100.0
2758;0.0
2759;100.0
2760;0.0
2761;100.0
2762;0.0
2763;100.0
2764;99.8
2765;0.2
2766;100.0
2767;0.0
2768;100.0
2769;0.0
2770;100.0
2771;0.0
2772;100.0
2773;99.8
2774;0.2
2775;100.0
2776;0.0
2777;100.0
2778;0.0
2779;100.0
2780;0.0
2781;100.0
2782;99.8
2783;0.2
2784;100.0
2785;0.0
2786;100.0
2787;0.0
2788;100.0
2789;0.0
2790;100.0
2791;99.8
2792;0.2
2793;100.0
2794;0.0
2795;100.0
2796;0.0
2797;100.0
2798;0.0
2799;100.0
2800;99.8
2801;0.2
2802;100.0
2803;0.0
2804;100.0
2805;0.0
2806;100.0
2807;0.0
2808;100.0
2809;99.8
2810;0.2
2811;100.0
2812;0.0
2813;100.0
2814;0.0
2815;100.0
2816;0.0
2817;100.0
2818;99.8
2819;0.2
2820;100.0
2821;0.0
2822;100.0
2823;0.0
2824;100.0
2825;0.0
2826;100.0
2827;99.8
2828;0.2
2829;100.0
2830;0.0
2831;100.0
2832;0.0
2833;100.0
2834;0.0
2835;100.0
2836;99.8
2837;0.2
2838;100.0
2839;0.0
2840;100.0
2841;0.0
2842;100.0
2843;0.0
2844;100.0
2845;99.8
2846;0.2
2847;100.0
2848;0.0
2849;100.0
2850;0.0
2851;100.0
2852;0.0
2853;100.0
2854;99.8
2855;0.2
2856;100.0
2857;0.0
2858;100.0
2859;0.0
2860;100.0
2861;0.0
2862;100.0
2863;99.8
2864;0.2
2865;100.0
2866;0.0
2867;100.0
2868;0.0
2869;100.0
2870;0.0
2871;100.0
2872;99.8
2873;0.2
2874;100.0
2875;0.0
2876;100.0
2877;0.0
2878;100.0
2879;0.0
2880;100.0
2881;99.8
2882;0.2
2883;100.0
2884;0.0
2885;100.0
2886;0.0
2887;100.0
2888;0.0
2889;100.0
2890;99.8
2891;0.2
2892;100.0
2893;0.0
2894;100.0
2895;0.0
2896;100.0
2897;0.0
2898;100.0
2899;99.8
2900;0.2
2901;100.0
2902;0.0
2903;100.0
2904;0.0
2905;100.0
2906;0.0
2907;100.0
2908;99.8
2909;0.2
2910;100.0
2911;0.0
2912;100.0
2913;0.0
2914;100.0
2915;0.0
2916;100.0
2917;99.8
2918;0.2
2919;100.0
2920;0.0
2921;100.0
2922;0.0
2923;100.0
2924;0.0
2925;100.0
2926;99.8
2927;0.2
2928;100.0
2929;0.0
2930;100.0
2931;0.0
2932;100.0
2933;0.0
2934;100.0
2935;99.8
2936;0.2
2937;100.0
2938;0.0
2939;100.0
2940;0.0
2941;100.0
2942;0.0
2943;100.0
2944;99.8
2945;0.2
2946;100.0
2947;0.0
2948;100.0
2949;0.0
2950;100.0
2951;0.0
2952;100.0
2953;99.8
2954;0.2
2955;100.0
2956;0.0
2957;100.0
2958;0.0
2959;100.0
2960;0.0
2961;100.0
2962;99.8
2963;0.2
2964;100.0
2965;0.0
2966;100.0
2967;0.0
2968;100.0
2969;0.0
2970;100.0
2971;99.8
2972;0.2
2973;100.0
2974;0.0
2975;100.0
2976;0.0
2977;100.0
2978;0.0
2979;100.0
2980;99.8
2981;0.2
2982;100.0
2983;0.0
2984;100.0
2985;0.0
2986;100.0
2987;0.0
2988;100.0
2989;99.8
2990;0.2
2991;100.0
2992;0.0
2993;100.0
2994;0.0
2995;100.0
2996;0.0
2997;100.0
2998;99.8
2999;0.2
3000;100.0
3001;0.0
3002;100.0
3003;0.0
3004;100.0
3005;0.0
3006;100.0
3007;99.8
3008;0.2
3009;100.0
3010;0.0
3011;100.0
3012;0.0
3013;100.0
3014;0.0
3015;100.0
3016;99.8
3017;0.2
3018;100.0
3019;0.0
3020;100.0
3021;0.0
3022;100.0
3023;0.0
3024;100.0
3025;99.8
3026;0.2
3027;100.0
3028;0.0
3029;100.0
3030;0.0
3031;100.0
3032;0.0
3033;100.0
3034;99.8
3035;0.2
3036;100.0
3037;0.0
3038;100.0
3039;0.0
3040;100.0
3041;0.0
3042;100.0
3043;99.8
3044;0.2
3045;100.0
3046;0.0
3047;100.0
3048;0.0
3049;100.0
3050;0.0
3051;100.0
3052;99.8
3053;0.2
3054;100.0
3055;0.0
3056;100.0
3057;0.0
3058;100.0
3059;0.0
3060;100.0
3061;99.8
3062;0.2
3063;100.0
3064;0.0
3065;100.0
3066;0.0
3067;100.0
3068;0.0
3069;100.0
3070;99.8
3071;0.2
3072;100.0
3073;0.0
3074;100.0
3075;0.0
3076;100.0
3077;0.0
3078;100.0
3079;99.8
3080;0.2
3081;100.0
3082;0.0
3083;100.0
3084;0.0
3085;100.0
3086;0.0
3087;100.0
3088;99.8
3089;0.2
3090;100.0
3091;0.0
3092;100.0
3093;0.0
3094;100.0
3095;0.0
3096;100.0
3097;99.8
3098;0.2
3099;100.0
3100;0.0
3101;100.0
3102;0.0
3103;100.0
3104;0.0
3105;100.0
3106;99.8
3107;0.2
3108;100.0
3109;0.0
3110;100.0
3111;0.0
3112;100.0
3113;0.0
3114;100.0
3115;99.8
3116;0.2
3117;100.0
3118;0.0
3119;100.0
3120;0.0
3121;100.0
3122;0.0
3123;100.0
3124;99.8
3125;0.2
3126;100.0
3127;0.0
3128;100.0
3129;0.0
3130;100.0
3131;0.0
3132;100.0
3133;99.8
3134;0.2
3135;100.0
3136;0.0
3137;100.0
3138;0.0
3139;100.0
3140;0.0
3141;100.0
3142;99.8
3143;0.2
3144;100.0
3145;0.0
3146;100.0
3147;0.0
3148;100.0
3149;0.0
3150;100.0
3151;99.8
3152;0.2
3153;100.0
3154;0.0
3155;100.0
3156;0.0
3157;100.0
3158;0.0
3159;100.0
3160;99.8
3161;0.2
3162;100.0
3163;0.0
3164;100.0
3165;0.0
3166;100.0
3167;0.0
3168;100.0
3169;99.8
3170;0.2
3171;100.0
3172;0.0
3173;100.0
3174;0.0
3175;100.0
3176;0.0
3177;100.0
3178;99.8
3179;0.2
3180;100.0
3181;0.0
3182;100.0
3183;0.0
3184;100.0
3185;0.0
3186;100.0
3187;99.8
3188;0.2
3189;100.0
3190;0.0
3191;100.0
3192;0.0
3193;100.0
3194;0.0
3195;100.0
3196;99.8
3197;0.2
3198;100.0
3199;0.0
3200;100.0
3201;0.0
3202;100.0
3203;0.0
3204;100.0
3205;99.8
3206;0.2
3207;100.0
3208;0.0
3209;100.0
3210;0.0
3211;100.0
3212;0.0
3213;100.0
3214;99.8
3215;0.2
3216;100.0
3217;0.0
3218;100.0
3219;0.0
3220;100.0
3221;0.0
3222;100.0
3223;99.8
3224;0.2
3225;100.0
3226;0.0
3227;100.0
3228;0.0
3229;100.0
3230;0.0
3231;100.0
3232;99.8
3233;0.2
3234;100.0
3235;0.0
3236;100.0
3237;0.0
3238;100.0
3239;0.0
3240;100.0
3241;99.8
3242;0.2
3243;100.0
3244;0.0
3245;100.0
3246;0.0
3247;100.0
3248;0.0
3249;100.0
3250;99.8
3251;0.2
3252;100.0
3253;0.0
3254;100.0
3255;0.0
3256;100.0
3257;0.0
3258;100.0
3259;99.8
3260;0.2
3261;100.0
3262;0.0
3263;100.0
3264;0.0
3265;100.0
3266;0.0
3267;100.0
3268;99.8
3269;0.2
3270;100.0
3271;0.0
3272;100.0
3273;0.0
3274;100.0
3275;0.0
3276;100.0
3277;99.8
3278;0.2
3279;100.0
3280;0.0
3281;100.0
3282;0.0
3283;100.0
3284;0.0
3285;100.0
3286;99.8
3287;0.2
3288;100.0
3289;0.0
3290;100.0
3291;0.0
3292;100.0
3293;0.0
3294;100.0
3295;99.8
3296;0.2
3297;100.0
3298;0.0
3299;100.0
3300;0.0
3301;100.0
3302;0.0
3303;100.0
3304;99.8
3305;0.2
3306;100.0
3307;0.0
3308;100.0
3309;0.0
3310;100.0
3311;0.0
3312;100.0
3313;99.8
3314;0.2
3315;100.0
3316;0.0
3317;100.0
3318;0.0
3319;100.0
3320;0.0
3321;100.0
3322;99.8
3323;0.2
3324;100.0
3325;0.0
3326;100.0
3327;0.0
3328;100.0
3329;0.0
3330;100.0
3331;99.8
3332;0.2
3333;100.0
3334;0.0
3335;100.0
3336;0.0
3337;100.0
3338;0.0
3339;100.0
3340;99.8
3341;0.2
3342;100.0
3343;0.0
3344;100.0
3345;0.0
3346;100.0
3347;0.0
3348;100.0
3349;99.8
3350;0.2
3351;100.0
3352;0.0
3353;100.0
3354;0.0
3355;100.0
3356;0.0
3357;100.0
3358;99.8
3359;0.2
3360;100.0
3361;0.0
3362;100.0
3363;0.0
3364;100.0
3365;0.0
3366;100.0
3367;99.8
3368;0.2
3369;100.0
3370;0.0
3371;100.0
3372;0.0
3373;100.0
3374;0.0
3375;100.0
3376;99.8
3377;0.2
3378;100.0
3379;0.0
3380;100.0
3381;0.0
3382;100.0
3383;0.0
3384;100.0
3385;99.8
3386;0.2
3387;100.0
3388;0.0
3389;100.0
3390;0.0
3391;100.0
3392;0.0
3393;100.0
3394;99.8
3395;0.2
3396;100.0
3397;0.0
3398;100.0
3399;0.0
3400;100.0
3401;0.0
3402;100.0
3403;99.8
3404;0.2
3405;100.0
3406;0.0
3407;100.0
3408;0.0
3409;100.0
3410;0.0
3411;100.0
3412;99.8
3413;0.2
3414;100.0
3415;0.0
3416;100.0
3417;0.0
3418;100.0
3419;0.0
3420;100.0
3421;99.8
3422;0.2
3423;100.0
3424;0.0
3425;100.0
3426;0.0
3427;100.0
3428;0.0
3429;100.0
3430;99.8
3431;0.2
3432;100.0
3433;0.0
3434;100.0
3435;0.0
3436;100.0
3437;0.0
3438;100.0
3439;99.8
3440;0.2
3441;100.0
3442;0.0
3443;100.0
3444;0.0
3445;100.0
3446;0.0
3447;100.0
3448;99.8
3449;0.2
3450;100.0
3451;0.0
3452;100.0
3453;0.0
3454;100.0
3455;0.0
3456;100.0
3457;99.8
3458;0.2
3459;100.0
3460;0.0
3461;100.0
3462;0.0
3463;100.0
3464;0.0
3465;100.0
3466;99.8
3467;0.2
3468;100.0
3469;0.0
3470;100.0
3471;0.0
3472;100.0
3473;0.0
3474;100.0
3475;99.8
3476;0.2
3477;100.0
3478;0.0
3479;100.0
3480;0.0
3481;100.0
3482;0.0
3483;100.0
3484;99.8
3485;0.2
3486;100.0
3487;0.0
3488;100.0
3489;0.0
3490;100.0
3491;0.0
3492;100.0
3493;99.8
3494;0.2
3495;100.0
3496;0.0
3497;100.0
3498;0.0
3499;100.0
3500;0.0
3501;100.0
3502;99.8
3503;0.2
3504;100.0
3505;0.0
3506;100.0
3507;0.0
3508;100.0
3509;0.0
3510;100.0
3511;99.8
3512;0.2
3513;100.0
3514;0.0
3515;100.0
3516;0.0
3517;100.0
3518;0.0
3519;100.0
3520;99.8
3521;0.2
3522;100.0
3523;0.0
3524;100.0
3525;0.0
3526;100.0
3527;0.0
3528;100.0
3529;99.8
3530;0.2
3531;100.0
3532;0.0
3533;100.0
3534;0.0
3535;100.0
3536;0.0
3537;100.0
3538;99.8
3539;0.2
3540;100.0
3541;0.0
3542;100.0
3543;0.0
3544;100.0
3545;0.0
3546;100.0
3547;99.8
3548;0.2
3549;100.0
3550;0.0
3551;100.0
3552;0.0
3553;100.0
3554;0.0
3555;100.0
3556;99.8
3557;0.2
3558;100.0
3559;0.0
3560;100.0
3561;0.0
3562;100.0
3563;0.0
3564;100.0
3565;99.8
3566;0.2
3567;100.0
3568;0.0
3569;100.0
3570;0.0
3571;100.0
3572;0.0
3573;100.0
3574;99.8
3575;0.2
3576;100.0
3577;0.0
3578;100.0
3579;0.0
3580;100.0
3581;0.0
3582;100.0
3583;99.8
3584;0.2
3585;100.0
3586;0.0
3587;100.0
3588;0.0
3589;100.0
3590;0.0
3591;100.0
3592;99.8
3593;0.2
3594;100.0
3595;0.0
3596;100.0
3597;0.0
3598;100.0
3599;0.0
