time;sci;sci cumulative
0;1.0000;1.0000
1;0.0000;0.0079
2;1.0000;0.0207
3;0.0000;0.0143
4;1.0000;0.0207
5;0.0000;0.0164
6;1.0000;0.0207
7;0.0000;0.0175
8;1.0000;0.0207
9;0.0000;0.0181
10;0.0000;0.0172
11;0.0225;0.0194
12;0.0000;0.0177
13;1.0000;0.0196
14;0.0000;0.0181
15;1.0000;0.0197
16;0.0000;0.0184
17;1.0000;0.0198
18;0.0000;0.0186
19;0.0000;0.0181
20;0.0225;0.0193
21;0.0000;0.0183
22;1.0000;0.0194
23;0.0000;0.0185
24;1.0000;0.0195
25;0.0000;0.0186
26;1.0000;0.0196
27;0.0000;0.0188
28;0.0000;0.0184
29;0.0225;0.0192
30;0.0000;0.0185
31;1.0000;0.0193
32;0.0000;0.0187
33;1.0000;0.0194
34;0.0000;0.0188
35;1.0000;0.0194
36;0.0000;0.0189
37;0.0000;0.0186
38;0.0449;0.0192
39;0.0000;0.0187
40;1.0000;0.0193
41;0.0000;0.0188
42;1.0000;0.0193
43;0.0000;0.0188
44;1.0000;0.0194
45;0.0000;0.0189
46;0.0000;0.0187
47;0.0449;0.0192
48;0.0000;0.0187
49;1.0000;0.0192
50;0.0000;0.0188
51;1.0000;0.0193
52;0.0000;0.0189
53;1.0000;0.0193
54;0.0000;0.0189
55;0.0000;0.0187
56;0.0449;0.0192
57;0.0000;0.0188
58;1.0000;0.0192
59;0.0000;0.0189
60;1.0000;0.0193
61;0.0000;0.0189
62;1.0000;0.0193
63;0.0000;0.0190
64;0.0000;0.0188
65;0.0225;0.0192
66;0.0000;0.0188
67;1.0000;0.0192
68;0.0000;0.0189
69;1.0000;0.0192
70;0.0000;0.0189
71;1.0000;0.0193
72;0.0000;0.0190
73;0.0000;0.0188
74;0.0225;0.0191
75;0.0000;0.0189
76;1.0000;0.0192
77;0.0000;0.0189
78;1.0000;0.0192
79;0.0000;0.0190
80;1.0000;0.0193
81;0.0000;0.0190
82;0.0000;0.0189
83;0.0225;0.0191
84;0.0000;0.0189
85;1.0000;0.0192
86;0.0000;0.0189
87;1.0000;0.0192
88;0.0000;0.0190
89;1.0000;0.0192
90;0.0000;0.0190
91;0.0000;0.0189
92;0.0225;0.0191
93;0.0000;0.0189
94;1.0000;0.0192
95;0.0000;0.0190
96;1.0000;0.0192
97;0.0000;0.0190
98;1.0000;0.0192
99;0.0000;0.0190
100;0.0000;0.0189
101;0.0225;0.0191
102;0.0000;0.0189
103;1.0000;0.0192
104;0.0000;0.0190
105;1.0000;0.0192
106;0.0000;0.0190
107;1.0000;0.0192
108;0.0000;0.0190
109;0.0000;0.0189
110;0.0225;0.0191
111;0.0000;0.0190
112;1.0000;0.0192
113;0.0000;0.0190
114;1.0000;0.0192
115;0.0000;0.0190
116;1.0000;0.0192
117;0.0000;0.0190
118;0.0000;0.0189
119;0.0225;0.0191
120;0.0000;0.0190
121;1.0000;0.0192
122;0.0000;0.0190
123;1.0000;0.0192
124;0.0000;0.0190
125;1.0000;0.0192
126;0.0000;0.0190
127;0.0000;0.0190
128;0.0225;0.0191
129;0.0000;0.0190
130;1.0000;0.0192
131;0.0000;0.0190
132;1.0000;0.0192
133;0.0000;0.0190
134;1.0000;0.0192
135;0.0000;0.0190
136;0.0000;0.0190
137;0.0449;0.0191
138;0.0000;0.0190
139;1.0000;0.0191
140;0.0000;0.0190
141;1.0000;0.0192
142;0.0000;0.0190
143;1.0000;0.0192
144;0.0000;0.0190
145;0.0000;0.0190
146;0.0449;0.0191
147;0.0000;0.0190
148;1.0000;0.0191
149;0.0000;0.0190
150;1.0000;0.0192
151;0.0000;0.0190
152;1.0000;0.0192
153;0.0000;0.0190
154;0.0000;0.0190
155;0.0449;0.0191
156;0.0000;0.0190
157;1.0000;0.0191
158;0.0000;0.0190
159;1.0000;0.0192
160;0.0000;0.0190
161;1.0000;0.0192
162;0.0000;0.0191
163;0.0000;0.0190
164;0.0449;0.0191
165;0.0000;0.0190
166;1.0000;0.0191
167;0.0000;0.0190
168;1.0000;0.0192
169;0.0000;0.0190
170;1.0000;0.0192
171;0.0000;0.0191
172;0.0000;0.0190
173;0.0449;0.0191
174;0.0000;0.0190
175;1.0000;0.0191
176;0.0000;0.0190
177;1.0000;0.0192
178;0.0000;0.0190
179;1.0000;0.0192
180;0.0000;0.0191
181;0.0000;0.0190
182;0.0449;0.0191
183;0.0000;0.0190
184;1.0000;0.0191
185;0.0000;0.0190
186;1.0000;0.0192
187;0.0000;0.0190
188;1.0000;0.0192
189;0.0000;0.0191
190;0.0000;0.0190
191;0.0449;0.0191
192;0.0000;0.0190
193;1.0000;0.0191
194;0.0000;0.0190
195;1.0000;0.0192
196;0.0000;0.0190
197;1.0000;0.0192
198;0.0000;0.0191
199;0.0000;0.0190
200;0.0449;0.0191
201;0.0000;0.0190
202;1.0000;0.0191
203;0.0000;0.0190
204;1.0000;0.0191
205;0.0000;0.0191
206;1.0000;0.0192
207;0.0000;0.0191
208;0.0000;0.0190
209;0.0449;0.0191
210;0.0000;0.0190
211;1.0000;0.0191
212;0.0000;0.0190
213;1.0000;0.0191
214;0.0000;0.0191
215;1.0000;0.0192
216;0.0000;0.0191
217;0.0000;0.0190
218;0.0449;0.0191
219;0.0000;0.0190
220;1.0000;0.0191
221;0.0000;0.0190
222;1.0000;0.0191
223;0.0000;0.0191
224;1.0000;0.0192
225;0.0000;0.0191
226;0.0000;0.0190
227;0.0449;0.0191
228;0.0000;0.0190
229;1.0000;0.0191
230;0.0000;0.0190
231;1.0000;0.0191
232;0.0000;0.0191
233;1.0000;0.0192
234;0.0000;0.0191
235;0.0000;0.0190
236;0.0449;0.0191
237;0.0000;0.0190
238;1.0000;0.0191
239;0.0000;0.0190
240;1.0000;0.0191
241;0.0000;0.0191
242;1.0000;0.0192
243;0.0000;0.0191
244;0.0000;0.0190
245;0.0449;0.0191
246;0.0000;0.0190
247;1.0000;0.0191
248;0.0000;0.0190
249;1.0000;0.0191
250;0.0000;0.0191
251;1.0000;0.0192
252;0.0000;0.0191
253;0.0000;0.0190
254;0.0449;0.0191
255;0.0000;0.0190
256;1.0000;0.0191
257;0.0000;0.0191
258;1.0000;0.0191
259;0.0000;0.0191
260;1.0000;0.0192
261;0.0000;0.0191
262;0.0000;0.0190
263;0.0225;0.0191
264;0.0000;0.0190
265;1.0000;0.0191
266;0.0000;0.0191
267;1.0000;0.0191
268;0.0000;0.0191
269;1.0000;0.0191
270;0.0000;0.0191
271;0.0000;0.0190
272;0.0225;0.0191
273;0.0000;0.0190
274;1.0000;0.0191
275;0.0000;0.0191
276;1.0000;0.0191
277;0.0000;0.0191
278;1.0000;0.0191
279;0.0000;0.0191
280;0.0000;0.0190
281;0.0225;0.0191
282;0.0000;0.0190
283;1.0000;0.0191
284;0.0000;0.0191
285;1.0000;0.0191
286;0.0000;0.0191
287;1.0000;0.0191
288;0.0000;0.0191
289;0.0000;0.0190
290;0.0225;0.0191
291;0.0000;0.0190
292;1.0000;0.0191
293;0.0000;0.0191
294;1.0000;0.0191
295;0.0000;0.0191
296;1.0000;0.0191
297;0.0000;0.0191
298;0.0000;0.0190
299;0.0225;0.0191
300;0.0000;0.0190
301;1.0000;0.0191
302;0.0000;0.0191
303;1.0000;0.0191
304;0.0000;0.0191
305;1.0000;0.0191
306;0.0000;0.0191
307;0.0000;0.0190
308;0.0225;0.0191
309;0.0000;0.0191
310;1.0000;0.0191
311;0.0000;0.0191
312;1.0000;0.0191
313;0.0000;0.0191
314;1.0000;0.0191
315;0.0000;0.0191
316;0.0000;0.0190
317;0.0225;0.0191
318;0.0000;0.0191
319;1.0000;0.0191
320;0.0000;0.0191
321;1.0000;0.0191
322;0.0000;0.0191
323;1.0000;0.0191
324;0.0000;0.0191
325;0.0000;0.0190
326;0.0225;0.0191
327;0.0000;0.0191
328;1.0000;0.0191
329;0.0000;0.0191
330;1.0000;0.0191
331;0.0000;0.0191
332;1.0000;0.0191
333;0.0000;0.0191
334;0.0000;0.0190
335;0.0225;0.0191
336;0.0000;0.0191
337;1.0000;0.0191
338;0.0000;0.0191
339;1.0000;0.0191
340;0.0000;0.0191
341;1.0000;0.0191
342;0.0000;0.0191
343;0.0000;0.0190
344;0.0225;0.0191
345;0.0000;0.0191
346;1.0000;0.0191
347;0.0000;0.0191
348;1.0000;0.0191
349;0.0000;0.0191
350;1.0000;0.0191
351;0.0000;0.0191
352;0.0000;0.0191
353;0.0225;0.0191
354;0.0000;0.0191
355;1.0000;0.0191
356;0.0000;0.0191
357;1.0000;0.0191
358;0.0000;0.0191
359;1.0000;0.0191
360;0.0000;0.0191
361;0.0000;0.0191
362;0.0225;0.0191
363;0.0000;0.0191
364;1.0000;0.0191
365;0.0000;0.0191
366;1.0000;0.0191
367;0.0000;0.0191
368;1.0000;0.0191
369;0.0000;0.0191
370;0.0000;0.0191
371;0.0225;0.0191
372;0.0000;0.0191
373;1.0000;0.0191
374;0.0000;0.0191
375;1.0000;0.0191
376;0.0000;0.0191
377;1.0000;0.0191
378;0.0000;0.0191
379;0.0000;0.0191
380;0.0225;0.0191
381;0.0000;0.0191
382;1.0000;0.0191
383;0.0000;0.0191
384;1.0000;0.0191
385;0.0000;0.0191
386;1.0000;0.0191
387;0.0000;0.0191
388;0.0000;0.0191
389;0.0225;0.0191
390;0.0000;0.0191
391;1.0000;0.0191
392;0.0000;0.0191
393;1.0000;0.0191
394;0.0000;0.0191
395;1.0000;0.0191
396;0.0000;0.0191
397;0.0000;0.0191
398;0.0225;0.0191
399;0.0000;0.0191
400;1.0000;0.0191
401;0.0000;0.0191
402;1.0000;0.0191
403;0.0000;0.0191
404;1.0000;0.0191
405;0.0000;0.0191
406;0.0000;0.0191
407;0.0225;0.0191
408;0.0000;0.0191
409;1.0000;0.0191
410;0.0000;0.0191
411;1.0000;0.0191
412;0.0000;0.0191
413;1.0000;0.0191
414;0.0000;0.0191
415;0.0000;0.0191
416;0.0225;0.0191
417;0.0000;0.0191
418;1.0000;0.0191
419;0.0000;0.0191
420;1.0000;0.0191
421;0.0000;0.0191
422;1.0000;0.0191
423;0.0000;0.0191
424;0.0000;0.0191
425;0.0225;0.0191
426;0.0000;0.0191
427;1.0000;0.0191
428;0.0000;0.0191
429;1.0000;0.0191
430;0.0000;0.0191
431;1.0000;0.0191
432;0.0000;0.0191
433;0.0000;0.0191
434;0.0225;0.0191
435;0.0000;0.0191
436;1.0000;0.0191
437;0.0000;0.0191
438;1.0000;0.0191
439;0.0000;0.0191
440;1.0000;0.0191
441;0.0000;0.0191
442;0.0000;0.0191
443;0.0225;0.0191
444;0.0000;0.0191
445;1.0000;0.0191
446;0.0000;0.0191
447;1.0000;0.0191
448;0.0000;0.0191
449;1.0000;0.0191
450;0.0000;0.0191
451;0.0000;0.0191
452;0.0225;0.0191
453;0.0000;0.0191
454;1.0000;0.0191
455;0.0000;0.0191
456;1.0000;0.0191
457;0.0000;0.0191
458;1.0000;0.0191
459;0.0000;0.0191
460;0.0000;0.0191
461;0.0225;0.0191
462;0.0000;0.0191
463;1.0000;0.0191
464;0.0000;0.0191
465;1.0000;0.0191
466;0.0000;0.0191
467;1.0000;0.0191
468;0.0000;0.0191
469;0.0000;0.0191
470;0.0225;0.0191
471;0.0000;0.0191
472;1.0000;0.0191
473;0.0000;0.0191
474;1.0000;0.0191
475;0.0000;0.0191
476;1.0000;0.0191
477;0.0000;0.0191
478;0.0000;0.0191
479;0.0225;0.0191
480;0.0000;0.0191
481;1.0000;0.0191
482;0.0000;0.0191
483;1.0000;0.0191
484;0.0000;0.0191
485;1.0000;0.0191
486;0.0000;0.0191
487;0.0000;0.0191
488;0.0225;0.0191
489;0.0000;0.0191
490;1.0000;0.0191
491;0.0000;0.0191
492;1.0000;0.0191
493;0.0000;0.0191
494;1.0000;0.0191
495;0.0000;0.0191
496;0.0000;0.0191
497;0.0225;0.0191
498;0.0000;0.0191
499;1.0000;0.0191
500;0.0000;0.0191
501;1.0000;0.0191
502;0.0000;0.0191
503;1.0000;0.0191
504;0.0000;0.0191
505;0.0000;0.0191
506;0.0225;0.0191
507;0.0000;0.0191
508;1.0000;0.0191
509;0.0000;0.0191
510;1.0000;0.0191
511;0.0000;0.0191
512;1.0000;0.0191
513;0.0000;0.0191
514;0.0000;0.0191
515;0.0225;0.0191
516;0.0000;0.0191
517;1.0000;0.0191
518;0.0000;0.0191
519;1.0000;0.0191
520;0.0000;0.0191
521;1.0000;0.0191
522;0.0000;0.0191
523;0.0000;0.0191
524;0.0225;0.0191
525;0.0000;0.0191
526;1.0000;0.0191
527;0.0000;0.0191
528;1.0000;0.0191
529;0.0000;0.0191
530;1.0000;0.0191
531;0.0000;0.0191
532;0.0000;0.0191
533;0.0225;0.0191
534;0.0000;0.0191
535;1.0000;0.0191
536;0.0000;0.0191
537;1.0000;0.0191
538;0.0000;0.0191
539;1.0000;0.0191
540;0.0000;0.0191
541;0.0000;0.0191
542;0.0225;0.0191
543;0.0000;0.0191
544;1.0000;0.0191
545;0.0000;0.0191
546;1.0000;0.0191
547;0.0000;0.0191
548;1.0000;0.0191
549;0.0000;0.0191
550;0.0000;0.0191
551;0.0225;0.0191
552;0.0000;0.0191
553;1.0000;0.0191
554;0.0000;0.0191
555;1.0000;0.0191
556;0.0000;0.0191
557;1.0000;0.0191
558;0.0000;0.0191
559;0.0000;0.0191
560;0.0225;0.0191
561;0.0000;0.0191
562;1.0000;0.0191
563;0.0000;0.0191
564;1.0000;0.0191
565;0.0000;0.0191
566;1.0000;0.0191
567;0.0000;0.0191
568;0.0000;0.0191
569;0.0225;0.0191
570;0.0000;0.0191
571;1.0000;0.0191
572;0.0000;0.0191
573;1.0000;0.0191
574;0.0000;0.0191
575;1.0000;0.0191
576;0.0000;0.0191
577;0.0000;0.0191
578;0.0225;0.0191
579;0.0000;0.0191
580;1.0000;0.0191
581;0.0000;0.0191
582;1.0000;0.0191
583;0.0000;0.0191
584;1.0000;0.0191
585;0.0000;0.0191
586;0.0000;0.0191
587;0.0225;0.0191
588;0.0000;0.0191
589;1.0000;0.0191
590;0.0000;0.0191
591;1.0000;0.0191
592;0.0000;0.0191
593;1.0000;0.0191
594;0.0000;0.0191
595;0.0000;0.0191
596;0.0225;0.0191
597;0.0000;0.0191
598;1.0000;0.0191
599;0.0000;0.0191
600;1.0000;0.0191
601;0.0000;0.0191
602;1.0000;0.0191
603;0.0000;0.0191
604;0.0000;0.0191
605;0.0225;0.0191
606;0.0000;0.0191
607;1.0000;0.0191
608;0.0000;0.0191
609;1.0000;0.0191
610;0.0000;0.0191
611;1.0000;0.0191
612;0.0000;0.0191
613;0.0000;0.0191
614;0.0225;0.0191
615;0.0000;0.0191
616;1.0000;0.0191
617;0.0000;0.0191
618;1.0000;0.0191
619;0.0000;0.0191
620;1.0000;0.0191
621;0.0000;0.0191
622;0.0000;0.0191
623;0.0225;0.0191
624;0.0000;0.0191
625;1.0000;0.0191
626;0.0000;0.0191
627;1.0000;0.0191
628;0.0000;0.0191
629;1.0000;0.0191
630;0.0000;0.0191
631;0.0000;0.0191
632;0.0225;0.0191
633;0.0000;0.0191
634;1.0000;0.0191
635;0.0000;0.0191
636;1.0000;0.0191
637;0.0000;0.0191
638;1.0000;0.0191
639;0.0000;0.0191
640;0.0000;0.0191
641;0.0225;0.0191
642;0.0000;0.0191
643;1.0000;0.0191
644;0.0000;0.0191
645;1.0000;0.0191
646;0.0000;0.0191
647;1.0000;0.0191
648;0.0000;0.0191
649;0.0000;0.0191
650;0.0225;0.0191
651;0.0000;0.0191
652;1.0000;0.0191
653;0.0000;0.0191
654;1.0000;0.0191
655;0.0000;0.0191
656;1.0000;0.0191
657;0.0000;0.0191
658;0.0000;0.0191
659;0.0225;0.0191
660;0.0000;0.0191
661;1.0000;0.0191
662;0.0000;0.0191
663;1.0000;0.0191
664;0.0000;0.0191
665;1.0000;0.0191
666;0.0000;0.0191
667;0.0000;0.0191
668;0.0225;0.0191
669;0.0000;0.0191
670;1.0000;0.0191
671;0.0000;0.0191
672;1.0000;0.0191
673;0.0000;0.0191
674;1.0000;0.0191
675;0.0000;0.0191
676;0.0000;0.0191
677;0.0225;0.0191
678;0.0000;0.0191
679;1.0000;0.0191
680;0.0000;0.0191
681;1.0000;0.0191
682;0.0000;0.0191
683;1.0000;0.0191
684;0.0000;0.0191
685;0.0000;0.0191
686;0.0225;0.0191
687;0.0000;0.0191
688;1.0000;0.0191
689;0.0000;0.0191
690;1.0000;0.0191
691;0.0000;0.0191
692;1.0000;0.0191
693;0.0000;0.0191
694;0.0000;0.0191
695;0.0225;0.0191
696;0.0000;0.0191
697;1.0000;0.0191
698;0.0000;0.0191
699;1.0000;0.0191
700;0.0000;0.0191
701;1.0000;0.0191
702;0.0000;0.0191
703;0.0000;0.0191
704;0.0225;0.0191
705;0.0000;0.0191
706;1.0000;0.0191
707;0.0000;0.0191
708;1.0000;0.0191
709;0.0000;0.0191
710;1.0000;0.0191
711;0.0000;0.0191
712;0.0000;0.0191
713;0.0225;0.0191
714;0.0000;0.0191
715;1.0000;0.0191
716;0.0000;0.0191
717;1.0000;0.0191
718;0.0000;0.0191
719;1.0000;0.0191
720;0.0000;0.0191
721;0.0000;0.0191
722;0.0225;0.0191
723;0.0000;0.0191
724;1.0000;0.0191
725;0.0000;0.0191
726;1.0000;0.0191
727;0.0000;0.0191
728;1.0000;0.0191
729;0.0000;0.0191
730;0.0000;0.0191
731;0.0225;0.0191
732;0.0000;0.0191
733;1.0000;0.0191
734;0.0000;0.0191
735;1.0000;0.0191
736;0.0000;0.0191
737;1.0000;0.0191
738;0.0000;0.0191
739;0.0000;0.0191
740;0.0225;0.0191
741;0.0000;0.0191
742;1.0000;0.0191
743;0.0000;0.0191
744;1.0000;0.0191
745;0.0000;0.0191
746;1.0000;0.0191
747;0.0000;0.0191
748;0.0000;0.0191
749;0.0225;0.0191
750;0.0000;0.0191
751;1.0000;0.0191
752;0.0000;0.0191
753;1.0000;0.0191
754;0.0000;0.0191
755;1.0000;0.0191
756;0.0000;0.0191
757;0.0000;0.0191
758;0.0225;0.0191
759;0.0000;0.0191
760;1.0000;0.0191
761;0.0000;0.0191
762;1.0000;0.0191
763;0.0000;0.0191
764;1.0000;0.0191
765;0.0000;0.0191
766;0.0000;0.0191
767;0.0225;0.0191
768;0.0000;0.0191
769;1.0000;0.0191
770;0.0000;0.0191
771;1.0000;0.0191
772;0.0000;0.0191
773;1.0000;0.0191
774;0.0000;0.0191
775;0.0000;0.0191
776;0.0225;0.0191
777;0.0000;0.0191
778;1.0000;0.0191
779;0.0000;0.0191
780;1.0000;0.0191
781;0.0000;0.0191
782;1.0000;0.0191
783;0.0000;0.0191
784;0.0000;0.0191
785;0.0225;0.0191
786;0.0000;0.0191
787;1.0000;0.0191
788;0.0000;0.0191
789;1.0000;0.0191
790;0.0000;0.0191
791;1.0000;0.0191
792;0.0000;0.0191
793;0.0000;0.0191
794;0.0225;0.0191
795;0.0000;0.0191
796;1.0000;0.0191
797;0.0000;0.0191
798;1.0000;0.0191
799;0.0000;0.0191
800;1.0000;0.0191
801;0.0000;0.0191
802;0.0000;0.0191
803;0.0225;0.0191
804;0.0000;0.0191
805;1.0000;0.0191
806;0.0000;0.0191
807;1.0000;0.0191
808;0.0000;0.0191
809;1.0000;0.0191
810;0.0000;0.0191
811;0.0000;0.0191
812;0.0225;0.0191
813;0.0000;0.0191
814;1.0000;0.0191
815;0.0000;0.0191
816;1.0000;0.0191
817;0.0000;0.0191
818;1.0000;0.0191
819;0.0000;0.0191
820;0.0000;0.0191
821;0.0225;0.0191
822;0.0000;0.0191
823;1.0000;0.0191
824;0.0000;0.0191
825;1.0000;0.0191
826;0.0000;0.0191
827;1.0000;0.0191
828;0.0000;0.0191
829;0.0000;0.0191
830;0.0225;0.0191
831;0.0000;0.0191
832;1.0000;0.0191
833;0.0000;0.0191
834;1.0000;0.0191
835;0.0000;0.0191
836;1.0000;0.0191
837;0.0000;0.0191
838;0.0000;0.0191
839;0.0225;0.0191
840;0.0000;0.0191
841;1.0000;0.0191
842;0.0000;0.0191
843;1.0000;0.0191
844;0.0000;0.0191
845;1.0000;0.0191
846;0.0000;0.0191
847;0.0000;0.0191
848;0.0225;0.0191
849;0.0000;0.0191
850;1.0000;0.0191
851;0.0000;0.0191
852;1.0000;0.0191
853;0.0000;0.0191
854;1.0000;0.0191
855;0.0000;0.0191
856;0.0000;0.0191
857;0.0225;0.0191
858;0.0000;0.0191
859;1.0000;0.0191
860;0.0000;0.0191
861;1.0000;0.0191
862;0.0000;0.0191
863;1.0000;0.0191
864;0.0000;0.0191
865;0.0000;0.0191
866;0.0225;0.0191
867;0.0000;0.0191
868;1.0000;0.0191
869;0.0000;0.0191
870;1.0000;0.0191
871;0.0000;0.0191
872;1.0000;0.0191
873;0.0000;0.0191
874;0.0000;0.0191
875;0.0225;0.0191
876;0.0000;0.0191
877;1.0000;0.0191
878;0.0000;0.0191
879;1.0000;0.0191
880;0.0000;0.0191
881;1.0000;0.0191
882;0.0000;0.0191
883;0.0000;0.0191
884;0.0225;0.0191
885;0.0000;0.0191
886;1.0000;0.0191
887;0.0000;0.0191
888;1.0000;0.0191
889;0.0000;0.0191
890;1.0000;0.0191
891;0.0000;0.0191
892;0.0000;0.0191
893;0.0225;0.0191
894;0.0000;0.0191
895;1.0000;0.0191
896;0.0000;0.0191
897;1.0000;0.0191
898;0.0000;0.0191
899;1.0000;0.0191
900;0.0000;0.0191
901;0.0000;0.0191
902;0.0225;0.0191
903;0.0000;0.0191
904;1.0000;0.0191
905;0.0000;0.0191
906;1.0000;0.0191
907;0.0000;0.0191
908;1.0000;0.0191
909;0.0000;0.0191
910;0.0000;0.0191
911;0.0225;0.0191
912;0.0000;0.0191
913;1.0000;0.0191
914;0.0000;0.0191
915;1.0000;0.0191
916;0.0000;0.0191
917;1.0000;0.0191
918;0.0000;0.0191
919;0.0000;0.0191
920;0.0225;0.0191
921;0.0000;0.0191
922;1.0000;0.0191
923;0.0000;0.0191
924;1.0000;0.0191
925;0.0000;0.0191
926;1.0000;0.0191
927;0.0000;0.0191
928;0.0000;0.0191
929;0.0225;0.0191
930;0.0000;0.0191
931;1.0000;0.0191
932;0.0000;0.0191
933;1.0000;0.0191
934;0.0000;0.0191
935;1.0000;0.0191
936;0.0000;0.0191
937;0.0000;0.0191
938;0.0225;0.0191
939;0.0000;0.0191
940;1.0000;0.0191
941;0.0000;0.0191
942;1.0000;0.0191
943;0.0000;0.0191
944;1.0000;0.0191
945;0.0000;0.0191
946;0.0000;0.0191
947;0.0225;0.0191
948;0.0000;0.0191
949;1.0000;0.0191
950;0.0000;0.0191
951;1.0000;0.0191
952;0.0000;0.0191
953;1.0000;0.0191
954;0.0000;0.0191
955;0.0000;0.0191
956;0.0225;0.0191
957;0.0000;0.0191
958;1.0000;0.0191
959;0.0000;0.0191
960;1.0000;0.0191
961;0.0000;0.0191
962;1.0000;0.0191
963;0.0000;0.0191
964;0.0000;0.0191
965;0.0225;0.0191
966;0.0000;0.0191
967;1.0000;0.0191
968;0.0000;0.0191
969;1.0000;0.0191
970;0.0000;0.0191
971;1.0000;0.0191
972;0.0000;0.0191
973;0.0000;0.0191
974;0.0225;0.0191
975;0.0000;0.0191
976;1.0000;0.0191
977;0.0000;0.0191
978;1.0000;0.0191
979;0.0000;0.0191
980;1.0000;0.0191
981;0.0000;0.0191
982;0.0000;0.0191
983;0.0225;0.0191
984;0.0000;0.0191
985;1.0000;0.0191
986;0.0000;0.0191
987;1.0000;0.0191
988;0.0000;0.0191
989;1.0000;0.0191
990;0.0000;0.0191
991;0.0000;0.0191
992;0.0225;0.0191
993;0.0000;0.0191
994;1.0000;0.0191
995;0.0000;0.0191
996;1.0000;0.0191
997;0.0000;0.0191
998;1.0000;0.0191
999;0.0000;0.0191
1000;0.0000;0.0191
1001;0.0225;0.0191
1002;0.0000;0.0191
1003;1.0000;0.0191
1004;0.0000;0.0191
1005;1.0000;0.0191
1006;0.0000;0.0191
1007;1.0000;0.0191
1008;0.0000;0.0191
1009;0.0000;0.0191
1010;0.0225;0.0191
1011;0.0000;0.0191
1012;1.0000;0.0191
1013;0.0000;0.0191
1014;1.0000;0.0191
1015;0.0000;0.0191
1016;1.0000;0.0191
1017;0.0000;0.0191
1018;0.0000;0.0191
1019;0.0225;0.0191
1020;0.0000;0.0191
1021;1.0000;0.0191
1022;0.0000;0.0191
1023;1.0000;0.0191
1024;0.0000;0.0191
1025;0.0449;0.0191
1026;0.0000;0.0191
1027;0.0000;0.0191
1028;0.0225;0.0191
1029;0.0000;0.0191
1030;1.0000;0.0191
1031;0.0000;0.0191
1032;1.0000;0.0191
1033;0.0000;0.0191
1034;1.0000;0.0191
1035;0.0000;0.0191
1036;0.0000;0.0191
1037;0.0225;0.0191
1038;0.0000;0.0191
1039;1.0000;0.0191
1040;0.0000;0.0191
1041;1.0000;0.0191
1042;0.0000;0.0191
1043;1.0000;0.0191
1044;0.0000;0.0191
1045;0.0000;0.0191
1046;0.0225;0.0191
1047;0.0000;0.0191
1048;1.0000;0.0191
1049;0.0000;0.0191
1050;1.0000;0.0191
1051;0.0000;0.0191
1052;1.0000;0.0191
1053;0.0000;0.0191
1054;0.0000;0.0191
1055;0.0225;0.0191
1056;0.0000;0.0191
1057;1.0000;0.0191
1058;0.0000;0.0191
1059;1.0000;0.0191
1060;0.0000;0.0191
1061;1.0000;0.0191
1062;0.0000;0.0191
1063;0.0000;0.0191
1064;0.0225;0.0191
1065;0.0000;0.0191
1066;1.0000;0.0191
1067;0.0000;0.0191
1068;1.0000;0.0191
1069;0.0000;0.0191
1070;1.0000;0.0191
1071;0.0000;0.0191
1072;0.0000;0.0191
1073;0.0225;0.0191
1074;0.0000;0.0191
1075;1.0000;0.0191
1076;0.0000;0.0191
1077;1.0000;0.0191
1078;0.0000;0.0191
1079;1.0000;0.0191
1080;0.0000;0.0191
1081;0.0000;0.0191
1082;0.0225;0.0191
1083;0.0000;0.0191
1084;1.0000;0.0191
1085;0.0000;0.0191
1086;1.0000;0.0191
1087;0.0000;0.0191
1088;1.0000;0.0191
1089;0.0000;0.0191
1090;0.0000;0.0191
1091;0.0225;0.0191
1092;0.0000;0.0191
1093;1.0000;0.0191
1094;0.0000;0.0191
1095;1.0000;0.0191
1096;0.0000;0.0191
1097;1.0000;0.0191
1098;0.0000;0.0191
1099;0.0000;0.0191
1100;0.0225;0.0191
1101;0.0000;0.0191
1102;1.0000;0.0191
1103;0.0000;0.0191
1104;1.0000;0.0191
1105;0.0000;0.0191
1106;1.0000;0.0191
1107;0.0000;0.0191
1108;0.0000;0.0191
1109;0.0225;0.0191
1110;0.0000;0.0191
1111;1.0000;0.0191
1112;0.0000;0.0191
1113;1.0000;0.0191
1114;0.0000;0.0191
1115;1.0000;0.0191
1116;0.0000;0.0191
1117;0.0000;0.0191
1118;0.0225;0.0191
1119;0.0000;0.0191
1120;1.0000;0.0191
1121;0.0000;0.0191
1122;1.0000;0.0191
1123;0.0000;0.0191
1124;1.0000;0.0191
1125;0.0000;0.0191
1126;0.0000;0.0191
1127;0.0225;0.0191
1128;0.0000;0.0191
1129;1.0000;0.0191
1130;0.0000;0.0191
1131;1.0000;0.0191
1132;0.0000;0.0191
1133;1.0000;0.0191
1134;0.0000;0.0191
1135;0.0000;0.0191
1136;0.0225;0.0191
1137;0.0000;0.0191
1138;1.0000;0.0191
1139;0.0000;0.0191
1140;1.0000;0.0191
1141;0.0000;0.0191
1142;1.0000;0.0191
1143;0.0000;0.0191
1144;0.0000;0.0191
1145;0.0225;0.0191
1146;0.0000;0.0191
1147;1.0000;0.0191
1148;0.0000;0.0191
1149;1.0000;0.0191
1150;0.0000;0.0191
1151;1.0000;0.0191
1152;0.0000;0.0191
1153;0.0000;0.0191
1154;0.0225;0.0191
1155;0.0000;0.0191
1156;1.0000;0.0191
1157;0.0000;0.0191
1158;1.0000;0.0191
1159;0.0000;0.0191
1160;1.0000;0.0191
1161;0.0000;0.0191
1162;0.0000;0.0191
1163;0.0225;0.0191
1164;0.0000;0.0191
1165;1.0000;0.0191
1166;0.0000;0.0191
1167;1.0000;0.0191
1168;0.0000;0.0191
1169;1.0000;0.0191
1170;0.0000;0.0191
1171;0.0000;0.0191
1172;0.0225;0.0191
1173;0.0000;0.0191
1174;1.0000;0.0191
1175;0.0000;0.0191
1176;1.0000;0.0191
1177;0.0000;0.0191
1178;1.0000;0.0191
1179;0.0000;0.0191
1180;0.0000;0.0191
1181;0.0225;0.0191
1182;0.0000;0.0191
1183;1.0000;0.0191
1184;0.0000;0.0191
1185;1.0000;0.0191
1186;0.0000;0.0191
1187;1.0000;0.0191
1188;0.0000;0.0191
1189;0.0000;0.0191
1190;0.0225;0.0191
1191;0.0000;0.0191
1192;1.0000;0.0191
1193;0.0000;0.0191
1194;1.0000;0.0191
1195;0.0000;0.0191
1196;1.0000;0.0191
1197;0.0000;0.0191
1198;0.0000;0.0191
1199;0.0225;0.0191
1200;0.0000;0.0191
1201;1.0000;0.0191
1202;0.0000;0.0191
1203;1.0000;0.0191
1204;0.0000;0.0191
1205;1.0000;0.0191
1206;0.0000;0.0191
1207;0.0000;0.0191
1208;0.0225;0.0191
1209;0.0000;0.0191
1210;1.0000;0.0191
1211;0.0000;0.0191
1212;1.0000;0.0191
1213;0.0000;0.0191
1214;1.0000;0.0191
1215;0.0000;0.0191
1216;0.0000;0.0191
1217;0.0225;0.0191
1218;0.0000;0.0191
1219;1.0000;0.0191
1220;0.0000;0.0191
1221;1.0000;0.0191
1222;0.0000;0.0191
1223;1.0000;0.0191
1224;0.0000;0.0191
1225;0.0000;0.0191
1226;0.0225;0.0191
1227;0.0000;0.0191
1228;1.0000;0.0191
1229;0.0000;0.0191
1230;1.0000;0.0191
1231;0.0000;0.0191
1232;1.0000;0.0191
1233;0.0000;0.0191
1234;0.0000;0.0191
1235;0.0225;0.0191
1236;0.0000;0.0191
1237;1.0000;0.0191
1238;0.0000;0.0191
1239;1.0000;0.0191
1240;0.0000;0.0191
1241;1.0000;0.0191
1242;0.0000;0.0191
1243;0.0000;0.0191
1244;0.0225;0.0191
1245;0.0000;0.0191
1246;1.0000;0.0191
1247;0.0000;0.0191
1248;1.0000;0.0191
1249;0.0000;0.0191
1250;1.0000;0.0191
1251;0.0000;0.0191
1252;0.0000;0.0191
1253;0.0225;0.0191
1254;0.0000;0.0191
1255;1.0000;0.0191
1256;0.0000;0.0191
1257;1.0000;0.0191
1258;0.0000;0.0191
1259;1.0000;0.0191
1260;0.0000;0.0191
1261;0.0000;0.0191
1262;0.0225;0.0191
1263;0.0000;0.0191
1264;1.0000;0.0191
1265;0.0000;0.0191
1266;1.0000;0.0191
1267;0.0000;0.0191
1268;1.0000;0.0191
1269;0.0000;0.0191
1270;0.0000;0.0191
1271;0.0225;0.0191
1272;0.0000;0.0191
1273;1.0000;0.0191
1274;0.0000;0.0191
1275;1.0000;0.0191
1276;0.0000;0.0191
1277;1.0000;0.0191
1278;0.0000;0.0191
1279;0.0000;0.0191
1280;0.0225;0.0191
1281;0.0000;0.0191
1282;1.0000;0.0191
1283;0.0000;0.0191
1284;1.0000;0.0191
1285;0.0000;0.0191
1286;1.0000;0.0191
1287;0.0000;0.0191
1288;0.0000;0.0191
1289;0.0225;0.0191
1290;0.0000;0.0191
1291;1.0000;0.0191
1292;0.0000;0.0191
1293;1.0000;0.0191
1294;0.0000;0.0191
1295;1.0000;0.0191
1296;0.0000;0.0191
1297;0.0000;0.0191
1298;0.0225;0.0191
1299;0.0000;0.0191
1300;1.0000;0.0191
1301;0.0000;0.0191
1302;1.0000;0.0191
1303;0.0000;0.0191
1304;1.0000;0.0191
1305;0.0000;0.0191
1306;0.0000;0.0191
1307;0.0225;0.0191
1308;0.0000;0.0191
1309;1.0000;0.0191
1310;0.0000;0.0191
1311;1.0000;0.0191
1312;0.0000;0.0191
1313;1.0000;0.0191
1314;0.0000;0.0191
1315;0.0000;0.0191
1316;0.0225;0.0191
1317;0.0000;0.0191
1318;1.0000;0.0191
1319;0.0000;0.0191
1320;1.0000;0.0191
1321;0.0000;0.0191
1322;1.0000;0.0191
1323;0.0000;0.0191
1324;0.0000;0.0191
1325;0.0225;0.0191
1326;0.0000;0.0191
1327;1.0000;0.0191
1328;0.0000;0.0191
1329;1.0000;0.0191
1330;0.0000;0.0191
1331;1.0000;0.0191
1332;0.0000;0.0191
1333;0.0000;0.0191
1334;0.0225;0.0191
1335;0.0000;0.0191
1336;1.0000;0.0191
1337;0.0000;0.0191
1338;1.0000;0.0191
1339;0.0000;0.0191
1340;1.0000;0.0191
1341;0.0000;0.0191
1342;0.0000;0.0191
1343;0.0225;0.0191
1344;0.0000;0.0191
1345;1.0000;0.0191
1346;0.0000;0.0191
1347;1.0000;0.0191
1348;0.0000;0.0191
1349;1.0000;0.0191
1350;0.0000;0.0191
1351;0.0000;0.0191
1352;0.0225;0.0191
1353;0.0000;0.0191
1354;1.0000;0.0191
1355;0.0000;0.0191
1356;1.0000;0.0191
1357;0.0000;0.0191
1358;1.0000;0.0191
1359;0.0000;0.0191
1360;0.0000;0.0191
1361;0.0225;0.0191
1362;0.0000;0.0191
1363;1.0000;0.0191
1364;0.0000;0.0191
1365;1.0000;0.0191
1366;0.0000;0.0191
1367;1.0000;0.0191
1368;0.0000;0.0191
1369;0.0000;0.0191
1370;0.0225;0.0191
1371;0.0000;0.0191
1372;1.0000;0.0191
1373;0.0000;0.0191
1374;1.0000;0.0191
1375;0.0000;0.0191
1376;1.0000;0.0191
1377;0.0000;0.0191
1378;0.0000;0.0191
1379;0.0225;0.0191
1380;0.0000;0.0191
1381;1.0000;0.0191
1382;0.0000;0.0191
1383;1.0000;0.0191
1384;0.0000;0.0191
1385;1.0000;0.0191
1386;0.0000;0.0191
1387;0.0000;0.0191
1388;0.0225;0.0191
1389;0.0000;0.0191
1390;1.0000;0.0191
1391;0.0000;0.0191
1392;1.0000;0.0191
1393;0.0000;0.0191
1394;1.0000;0.0191
1395;0.0000;0.0191
1396;0.0000;0.0191
1397;0.0225;0.0191
1398;0.0000;0.0191
1399;1.0000;0.0191
1400;0.0000;0.0191
1401;1.0000;0.0191
1402;0.0000;0.0191
1403;1.0000;0.0191
1404;0.0000;0.0191
1405;0.0000;0.0191
1406;0.0225;0.0191
1407;0.0000;0.0191
1408;1.0000;0.0191
1409;0.0000;0.0191
1410;1.0000;0.0191
1411;0.0000;0.0191
1412;1.0000;0.0191
1413;0.0000;0.0191
1414;0.0000;0.0191
1415;0.0225;0.0191
1416;0.0000;0.0191
1417;1.0000;0.0191
1418;0.0000;0.0191
1419;1.0000;0.0191
1420;0.0000;0.0191
1421;1.0000;0.0191
1422;0.0000;0.0191
1423;0.0000;0.0191
1424;0.0225;0.0191
1425;0.0000;0.0191
1426;1.0000;0.0191
1427;0.0000;0.0191
1428;1.0000;0.0191
1429;0.0000;0.0191
1430;1.0000;0.0191
1431;0.0000;0.0191
1432;0.0000;0.0191
1433;0.0225;0.0191
1434;0.0000;0.0191
1435;1.0000;0.0191
1436;0.0000;0.0191
1437;1.0000;0.0191
1438;0.0000;0.0191
1439;1.0000;0.0191
1440;0.0000;0.0191
1441;0.0000;0.0191
1442;0.0225;0.0191
1443;0.0000;0.0191
1444;1.0000;0.0191
1445;0.0000;0.0191
1446;1.0000;0.0191
1447;0.0000;0.0191
1448;1.0000;0.0191
1449;0.0000;0.0191
1450;0.0000;0.0191
1451;0.0225;0.0191
1452;0.0000;0.0191
1453;1.0000;0.0191
1454;0.0000;0.0191
1455;1.0000;0.0191
1456;0.0000;0.0191
1457;1.0000;0.0191
1458;0.0000;0.0191
1459;0.0000;0.0191
1460;0.0225;0.0191
1461;0.0000;0.0191
1462;1.0000;0.0191
1463;0.0000;0.0191
1464;1.0000;0.0191
1465;0.0000;0.0191
1466;1.0000;0.0191
1467;0.0000;0.0191
1468;0.0000;0.0191
1469;0.0225;0.0191
1470;0.0000;0.0191
1471;1.0000;0.0191
1472;0.0000;0.0191
1473;1.0000;0.0191
1474;0.0000;0.0191
1475;1.0000;0.0191
1476;0.0000;0.0191
1477;0.0000;0.0191
1478;0.0225;0.0191
1479;0.0000;0.0191
1480;1.0000;0.0191
1481;0.0000;0.0191
1482;1.0000;0.0191
1483;0.0000;0.0191
1484;1.0000;0.0191
1485;0.0000;0.0191
1486;0.0000;0.0191
1487;0.0225;0.0191
1488;0.0000;0.0191
1489;1.0000;0.0191
1490;0.0000;0.0191
1491;1.0000;0.0191
1492;0.0000;0.0191
1493;1.0000;0.0191
1494;0.0000;0.0191
1495;0.0000;0.0191
1496;0.0225;0.0191
1497;0.0000;0.0191
1498;1.0000;0.0191
1499;0.0000;0.0191
1500;1.0000;0.0191
1501;0.0000;0.0191
1502;1.0000;0.0191
1503;0.0000;0.0191
1504;0.0000;0.0191
1505;0.0225;0.0191
1506;0.0000;0.0191
1507;1.0000;0.0191
1508;0.0000;0.0191
1509;1.0000;0.0191
1510;0.0000;0.0191
1511;1.0000;0.0191
1512;0.0000;0.0191
1513;0.0000;0.0191
1514;0.0225;0.0191
1515;0.0000;0.0191
1516;1.0000;0.0191
1517;0.0000;0.0191
1518;1.0000;0.0191
1519;0.0000;0.0191
1520;1.0000;0.0191
1521;0.0000;0.0191
1522;0.0000;0.0191
1523;0.0225;0.0191
1524;0.0000;0.0191
1525;1.0000;0.0191
1526;0.0000;0.0191
1527;1.0000;0.0191
1528;0.0000;0.0191
1529;1.0000;0.0191
1530;0.0000;0.0191
1531;0.0000;0.0191
1532;0.0225;0.0191
1533;0.0000;0.0191
1534;1.0000;0.0191
1535;0.0000;0.0191
1536;1.0000;0.0191
1537;0.0000;0.0191
1538;1.0000;0.0191
1539;0.0000;0.0191
1540;0.0000;0.0191
1541;0.0225;0.0191
1542;0.0000;0.0191
1543;1.0000;0.0191
1544;0.0000;0.0191
1545;1.0000;0.0191
1546;0.0000;0.0191
1547;1.0000;0.0191
1548;0.0000;0.0191
1549;0.0000;0.0191
1550;0.0225;0.0191
1551;0.0000;0.0191
1552;1.0000;0.0191
1553;0.0000;0.0191
1554;1.0000;0.0191
1555;0.0000;0.0191
1556;1.0000;0.0191
1557;0.0000;0.0191
1558;0.0000;0.0191
1559;0.0225;0.0191
1560;0.0000;0.0191
1561;1.0000;0.0191
1562;0.0000;0.0191
1563;1.0000;0.0191
1564;0.0000;0.0191
1565;1.0000;0.0191
1566;0.0000;0.0191
1567;0.0000;0.0191
1568;0.0225;0.0191
1569;0.0000;0.0191
1570;1.0000;0.0191
1571;0.0000;0.0191
1572;1.0000;0.0191
1573;0.0000;0.0191
1574;1.0000;0.0191
1575;0.0000;0.0191
1576;0.0000;0.0191
1577;0.0225;0.0191
1578;0.0000;0.0191
1579;1.0000;0.0191
1580;0.0000;0.0191
1581;1.0000;0.0191
1582;0.0000;0.0191
1583;1.0000;0.0191
1584;0.0000;0.0191
1585;0.0000;0.0191
1586;0.0225;0.0191
1587;0.0000;0.0191
1588;1.0000;0.0191
1589;0.0000;0.0191
1590;1.0000;0.0191
1591;0.0000;0.0191
1592;1.0000;0.0191
1593;0.0000;0.0191
1594;0.0000;0.0191
1595;0.0225;0.0191
1596;0.0000;0.0191
1597;1.0000;0.0191
1598;0.0000;0.0191
1599;1.0000;0.0191
1600;0.0000;0.0191
1601;1.0000;0.0191
1602;0.0000;0.0191
1603;0.0000;0.0191
1604;0.0225;0.0191
1605;0.0000;0.0191
1606;1.0000;0.0191
1607;0.0000;0.0191
1608;1.0000;0.0191
1609;0.0000;0.0191
1610;1.0000;0.0191
1611;0.0000;0.0191
1612;0.0000;0.0191
1613;0.0225;0.0191
1614;0.0000;0.0191
1615;1.0000;0.0191
1616;0.0000;0.0191
1617;1.0000;0.0191
1618;0.0000;0.0191
1619;1.0000;0.0191
1620;0.0000;0.0191
1621;0.0000;0.0191
1622;0.0225;0.0191
1623;0.0000;0.0191
1624;1.0000;0.0191
1625;0.0000;0.0191
1626;1.0000;0.0191
1627;0.0000;0.0191
1628;1.0000;0.0191
1629;0.0000;0.0191
1630;0.0000;0.0191
1631;0.0225;0.0191
1632;0.0000;0.0191
1633;1.0000;0.0191
1634;0.0000;0.0191
1635;1.0000;0.0191
1636;0.0000;0.0191
1637;1.0000;0.0191
1638;0.0000;0.0191
1639;0.0000;0.0191
1640;0.0225;0.0191
1641;0.0000;0.0191
1642;1.0000;0.0191
1643;0.0000;0.0191
1644;1.0000;0.0191
1645;0.0000;0.0191
1646;1.0000;0.0191
1647;0.0000;0.0191
1648;0.0000;0.0191
1649;0.0225;0.0191
1650;0.0000;0.0191
1651;1.0000;0.0191
1652;0.0000;0.0191
1653;1.0000;0.0191
1654;0.0000;0.0191
1655;1.0000;0.0191
1656;0.0000;0.0191
1657;0.0000;0.0191
1658;0.0225;0.0191
1659;0.0000;0.0191
1660;1.0000;0.0191
1661;0.0000;0.0191
1662;1.0000;0.0191
1663;0.0000;0.0191
1664;1.0000;0.0191
1665;0.0000;0.0191
1666;0.0000;0.0191
1667;0.0225;0.0191
1668;0.0000;0.0191
1669;1.0000;0.0191
1670;0.0000;0.0191
1671;1.0000;0.0191
1672;0.0000;0.0191
1673;1.0000;0.0191
1674;0.0000;0.0191
1675;0.0000;0.0191
1676;0.0225;0.0191
1677;0.0000;0.0191
1678;1.0000;0.0191
1679;0.0000;0.0191
1680;1.0000;0.0191
1681;0.0000;0.0191
1682;1.0000;0.0191
1683;0.0000;0.0191
1684;0.0000;0.0191
1685;0.0225;0.0191
1686;0.0000;0.0191
1687;1.0000;0.0191
1688;0.0000;0.0191
1689;1.0000;0.0191
1690;0.0000;0.0191
1691;1.0000;0.0191
1692;0.0000;0.0191
1693;0.0000;0.0191
1694;0.0225;0.0191
1695;0.0000;0.0191
1696;1.0000;0.0191
1697;0.0000;0.0191
1698;1.0000;0.0191
1699;0.0000;0.0191
1700;1.0000;0.0191
1701;0.0000;0.0191
1702;0.0000;0.0191
1703;0.0225;0.0191
1704;0.0000;0.0191
1705;1.0000;0.0191
1706;0.0000;0.0191
1707;1.0000;0.0191
1708;0.0000;0.0191
1709;1.0000;0.0191
1710;0.0000;0.0191
1711;0.0000;0.0191
1712;0.0225;0.0191
1713;0.0000;0.0191
1714;1.0000;0.0191
1715;0.0000;0.0191
1716;1.0000;0.0191
1717;0.0000;0.0191
1718;1.0000;0.0191
1719;0.0000;0.0191
1720;0.0000;0.0191
1721;0.0225;0.0191
1722;0.0000;0.0191
1723;1.0000;0.0191
1724;0.0000;0.0191
1725;1.0000;0.0191
1726;0.0000;0.0191
1727;1.0000;0.0191
1728;0.0000;0.0191
1729;0.0000;0.0191
1730;0.0225;0.0191
1731;0.0000;0.0191
1732;1.0000;0.0191
1733;0.0000;0.0191
1734;1.0000;0.0191
1735;0.0000;0.0191
1736;1.0000;0.0191
1737;0.0000;0.0191
1738;0.0000;0.0191
1739;0.0225;0.0191
1740;0.0000;0.0191
1741;1.0000;0.0191
1742;0.0000;0.0191
1743;1.0000;0.0191
1744;0.0000;0.0191
1745;1.0000;0.0191
1746;0.0000;0.0191
1747;0.0000;0.0191
1748;0.0225;0.0191
1749;0.0000;0.0191
1750;1.0000;0.0191
1751;0.0000;0.0191
1752;1.0000;0.0191
1753;0.0000;0.0191
1754;1.0000;0.0191
1755;0.0000;0.0191
1756;0.0000;0.0191
1757;0.0225;0.0191
1758;0.0000;0.0191
1759;1.0000;0.0191
1760;0.0000;0.0191
1761;1.0000;0.0191
1762;0.0000;0.0191
1763;1.0000;0.0191
1764;0.0000;0.0191
1765;0.0000;0.0191
1766;0.0225;0.0191
1767;0.0000;0.0191
1768;1.0000;0.0191
1769;0.0000;0.0191
1770;1.0000;0.0191
1771;0.0000;0.0191
1772;1.0000;0.0191
1773;0.0000;0.0191
1774;0.0000;0.0191
1775;0.0225;0.0191
1776;0.0000;0.0191
1777;1.0000;0.0191
1778;0.0000;0.0191
1779;1.0000;0.0191
1780;0.0000;0.0191
1781;1.0000;0.0191
1782;0.0000;0.0191
1783;0.0000;0.0191
1784;0.0225;0.0191
1785;0.0000;0.0191
1786;1.0000;0.0191
1787;0.0000;0.0191
1788;1.0000;0.0191
1789;0.0000;0.0191
1790;1.0000;0.0191
1791;0.0000;0.0191
1792;0.0000;0.0191
1793;0.0225;0.0191
1794;0.0000;0.0191
1795;1.0000;0.0191
1796;0.0000;0.0191
1797;1.0000;0.0191
1798;0.0000;0.0191
1799;1.0000;0.0191
1800;0.0000;0.0191
1801;0.0000;0.0191
1802;0.0225;0.0191
1803;0.0000;0.0191
1804;1.0000;0.0191
1805;0.0000;0.0191
1806;1.0000;0.0191
1807;0.0000;0.0191
1808;1.0000;0.0191
1809;0.0000;0.0191
1810;0.0000;0.0191
1811;0.0225;0.0191
1812;0.0000;0.0191
1813;1.0000;0.0191
1814;0.0000;0.0191
1815;1.0000;0.0191
1816;0.0000;0.0191
1817;1.0000;0.0191
1818;0.0000;0.0191
1819;0.0000;0.0191
1820;0.0225;0.0191
1821;0.0000;0.0191
1822;1.0000;0.0191
1823;0.0000;0.0191
1824;1.0000;0.0191
1825;0.0000;0.0191
1826;1.0000;0.0191
1827;0.0000;0.0191
1828;0.0000;0.0191
1829;0.0225;0.0191
1830;0.0000;0.0191
1831;1.0000;0.0191
1832;0.0000;0.0191
1833;1.0000;0.0191
1834;0.0000;0.0191
1835;1.0000;0.0191
1836;0.0000;0.0191
1837;0.0000;0.0191
1838;0.0225;0.0191
1839;0.0000;0.0191
1840;1.0000;0.0191
1841;0.0000;0.0191
1842;1.0000;0.0191
1843;0.0000;0.0191
1844;1.0000;0.0191
1845;0.0000;0.0191
1846;0.0000;0.0191
1847;0.0225;0.0191
1848;0.0000;0.0191
1849;1.0000;0.0191
1850;0.0000;0.0191
1851;1.0000;0.0191
1852;0.0000;0.0191
1853;1.0000;0.0191
1854;0.0000;0.0191
1855;0.0000;0.0191
1856;0.0225;0.0191
1857;0.0000;0.0191
1858;1.0000;0.0191
1859;0.0000;0.0191
1860;1.0000;0.0191
1861;0.0000;0.0191
1862;1.0000;0.0191
1863;0.0000;0.0191
1864;0.0000;0.0191
1865;0.0225;0.0191
1866;0.0000;0.0191
1867;1.0000;0.0191
1868;0.0000;0.0191
1869;1.0000;0.0191
1870;0.0000;0.0191
1871;1.0000;0.0191
1872;0.0000;0.0191
1873;0.0000;0.0191
1874;0.0225;0.0191
1875;0.0000;0.0191
1876;1.0000;0.0191
1877;0.0000;0.0191
1878;1.0000;0.0191
1879;0.0000;0.0191
1880;1.0000;0.0191
1881;0.0000;0.0191
1882;0.0000;0.0191
1883;0.0225;0.0191
1884;0.0000;0.0191
1885;1.0000;0.0191
1886;0.0000;0.0191
1887;1.0000;0.0191
1888;0.0000;0.0191
1889;1.0000;0.0191
1890;0.0000;0.0191
1891;0.0000;0.0191
1892;0.0225;0.0191
1893;0.0000;0.0191
1894;1.0000;0.0191
1895;0.0000;0.0191
1896;1.0000;0.0191
1897;0.0000;0.0191
1898;1.0000;0.0191
1899;0.0000;0.0191
1900;0.0000;0.0191
1901;0.0225;0.0191
1902;0.0000;0.0191
1903;1.0000;0.0191
1904;0.0000;0.0191
1905;1.0000;0.0191
1906;0.0000;0.0191
1907;1.0000;0.0191
1908;0.0000;0.0191
1909;0.0000;0.0191
1910;0.0225;0.0191
1911;0.0000;0.0191
1912;1.0000;0.0191
1913;0.0000;0.0191
1914;1.0000;0.0191
1915;0.0000;0.0191
1916;1.0000;0.0191
1917;0.0000;0.0191
1918;0.0000;0.0191
1919;0.0225;0.0191
1920;0.0000;0.0191
1921;1.0000;0.0191
1922;0.0000;0.0191
1923;1.0000;0.0191
1924;0.0000;0.0191
1925;1.0000;0.0191
1926;0.0000;0.0191
1927;0.0000;0.0191
1928;0.0225;0.0191
1929;0.0000;0.0191
1930;1.0000;0.0191
1931;0.0000;0.0191
1932;1.0000;0.0191
1933;0.0000;0.0191
1934;1.0000;0.0191
1935;0.0000;0.0191
1936;0.0000;0.0191
1937;0.0225;0.0191
1938;0.0000;0.0191
1939;1.0000;0.0191
1940;0.0000;0.0191
1941;1.0000;0.0191
1942;0.0000;0.0191
1943;1.0000;0.0191
1944;0.0000;0.0191
1945;0.0000;0.0191
1946;0.0225;0.0191
1947;0.0000;0.0191
1948;1.0000;0.0191
1949;0.0000;0.0191
1950;1.0000;0.0191
1951;0.0000;0.0191
1952;1.0000;0.0191
1953;0.0000;0.0191
1954;0.0000;0.0191
1955;0.0225;0.0191
1956;0.0000;0.0191
1957;1.0000;0.0191
1958;0.0000;0.0191
1959;1.0000;0.0191
1960;0.0000;0.0191
1961;1.0000;0.0191
1962;0.0000;0.0191
1963;0.0000;0.0191
1964;0.0225;0.0191
1965;0.0000;0.0191
1966;1.0000;0.0191
1967;0.0000;0.0191
1968;1.0000;0.0191
1969;0.0000;0.0191
1970;1.0000;0.0191
1971;0.0000;0.0191
1972;0.0000;0.0191
1973;0.0225;0.0191
1974;0.0000;0.0191
1975;1.0000;0.0191
1976;0.0000;0.0191
1977;1.0000;0.0191
1978;0.0000;0.0191
1979;1.0000;0.0191
1980;0.0000;0.0191
1981;0.0000;0.0191
1982;0.0225;0.0191
1983;0.0000;0.0191
1984;1.0000;0.0191
1985;0.0000;0.0191
1986;1.0000;0.0191
1987;0.0000;0.0191
1988;1.0000;0.0191
1989;0.0000;0.0191
1990;0.0000;0.0191
1991;0.0225;0.0191
1992;0.0000;0.0191
1993;1.0000;0.0191
1994;0.0000;0.0191
1995;1.0000;0.0191
1996;0.0000;0.0191
1997;1.0000;0.0191
1998;0.0000;0.0191
1999;0.0000;0.0191
2000;0.0225;0.0191
2001;0.0000;0.0191
2002;1.0000;0.0191
2003;0.0000;0.0191
2004;1.0000;0.0191
2005;0.0000;0.0191
2006;1.0000;0.0191
2007;0.0000;0.0191
2008;0.0000;0.0191
2009;0.0225;0.0191
2010;0.0000;0.0191
2011;1.0000;0.0191
2012;0.0000;0.0191
2013;1.0000;0.0191
2014;0.0000;0.0191
2015;1.0000;0.0191
2016;0.0000;0.0191
2017;0.0000;0.0191
2018;0.0225;0.0191
2019;0.0000;0.0191
2020;1.0000;0.0191
2021;0.0000;0.0191
2022;1.0000;0.0191
2023;0.0000;0.0191
2024;1.0000;0.0191
2025;0.0000;0.0191
2026;0.0000;0.0191
2027;0.0225;0.0191
2028;0.0000;0.0191
2029;1.0000;0.0191
2030;0.0000;0.0191
2031;1.0000;0.0191
2032;0.0000;0.0191
2033;1.0000;0.0191
2034;0.0000;0.0191
2035;0.0000;0.0191
2036;0.0225;0.0191
2037;0.0000;0.0191
2038;1.0000;0.0191
2039;0.0000;0.0191
2040;1.0000;0.0191
2041;0.0000;0.0191
2042;1.0000;0.0191
2043;0.0000;0.0191
2044;0.0000;0.0191
2045;0.0225;0.0191
2046;0.0000;0.0191
2047;1.0000;0.0191
2048;0.0000;0.0191
2049;1.0000;0.0191
2050;0.0000;0.0191
2051;1.0000;0.0191
2052;0.0000;0.0191
2053;0.0000;0.0191
2054;0.0225;0.0191
2055;0.0000;0.0191
2056;1.0000;0.0191
2057;0.0000;0.0191
2058;1.0000;0.0191
2059;0.0000;0.0191
2060;1.0000;0.0191
2061;0.0000;0.0191
2062;0.0000;0.0191
2063;0.0225;0.0191
2064;0.0000;0.0191
2065;1.0000;0.0191
2066;0.0000;0.0191
2067;1.0000;0.0191
2068;0.0000;0.0191
2069;1.0000;0.0191
2070;0.0000;0.0191
2071;0.0000;0.0191
2072;0.0225;0.0191
2073;0.0000;0.0191
2074;1.0000;0.0191
2075;0.0000;0.0191
2076;1.0000;0.0191
2077;0.0000;0.0191
2078;1.0000;0.0191
2079;0.0000;0.0191
2080;0.0000;0.0191
2081;0.0225;0.0191
2082;0.0000;0.0191
2083;1.0000;0.0191
2084;0.0000;0.0191
2085;1.0000;0.0191
2086;0.0000;0.0191
2087;1.0000;0.0191
2088;0.0000;0.0191
2089;0.0000;0.0191
2090;0.0225;0.0191
2091;0.0000;0.0191
2092;1.0000;0.0191
2093;0.0000;0.0191
2094;1.0000;0.0191
2095;0.0000;0.0191
2096;1.0000;0.0191
2097;0.0000;0.0191
2098;0.0000;0.0191
2099;0.0225;0.0191
2100;0.0000;0.0191
2101;1.0000;0.0191
2102;0.0000;0.0191
2103;1.0000;0.0191
2104;0.0000;0.0191
2105;1.0000;0.0191
2106;0.0000;0.0191
2107;0.0000;0.0191
2108;0.0225;0.0191
2109;0.0000;0.0191
2110;1.0000;0.0191
2111;0.0000;0.0191
2112;1.0000;0.0191
2113;0.0000;0.0191
2114;1.0000;0.0191
2115;0.0000;0.0191
2116;0.0000;0.0191
2117;0.0225;0.0191
2118;0.0000;0.0191
2119;1.0000;0.0191
2120;0.0000;0.0191
2121;1.0000;0.0191
2122;0.0000;0.0191
2123;1.0000;0.0191
2124;0.0000;0.0191
2125;0.0000;0.0191
2126;0.0225;0.0191
2127;0.0000;0.0191
2128;1.0000;0.0191
2129;0.0000;0.0191
2130;1.0000;0.0191
2131;0.0000;0.0191
2132;1.0000;0.0191
2133;0.0000;0.0191
2134;0.0000;0.0191
2135;0.0225;0.0191
2136;0.0000;0.0191
2137;1.0000;0.0191
2138;0.0000;0.0191
2139;1.0000;0.0191
2140;0.0000;0.0191
2141;1.0000;0.0191
2142;0.0000;0.0191
2143;0.0000;0.0191
2144;0.0225;0.0191
2145;0.0000;0.0191
2146;1.0000;0.0191
2147;0.0000;0.0191
2148;1.0000;0.0191
2149;0.0000;0.0191
2150;1.0000;0.0191
2151;0.0000;0.0191
2152;0.0000;0.0191
2153;0.0225;0.0191
2154;0.0000;0.0191
2155;1.0000;0.0191
2156;0.0000;0.0191
2157;1.0000;0.0191
2158;0.0000;0.0191
2159;1.0000;0.0191
2160;0.0000;0.0191
2161;0.0000;0.0191
2162;0.0225;0.0191
2163;0.0000;0.0191
2164;1.0000;0.0191
2165;0.0000;0.0191
2166;1.0000;0.0191
2167;0.0000;0.0191
2168;1.0000;0.0191
2169;0.0000;0.0191
2170;0.0000;0.0191
2171;0.0225;0.0191
2172;0.0000;0.0191
2173;1.0000;0.0191
2174;0.0000;0.0191
2175;1.0000;0.0191
2176;0.0000;0.0191
2177;1.0000;0.0191
2178;0.0000;0.0191
2179;0.0000;0.0191
2180;0.0225;0.0191
2181;0.0000;0.0191
2182;1.0000;0.0191
2183;0.0000;0.0191
2184;1.0000;0.0191
2185;0.0000;0.0191
2186;1.0000;0.0191
2187;0.0000;0.0191
2188;0.0000;0.0191
2189;0.0225;0.0191
2190;0.0000;0.0191
2191;1.0000;0.0191
2192;0.0000;0.0191
2193;1.0000;0.0191
2194;0.0000;0.0191
2195;1.0000;0.0191
2196;0.0000;0.0191
2197;0.0000;0.0191
2198;0.0225;0.0191
2199;0.0000;0.0191
2200;1.0000;0.0191
2201;0.0000;0.0191
2202;1.0000;0.0191
2203;0.0000;0.0191
2204;1.0000;0.0191
2205;0.0000;0.0191
2206;0.0000;0.0191
2207;0.0225;0.0191
2208;0.0000;0.0191
2209;1.0000;0.0191
2210;0.0000;0.0191
2211;1.0000;0.0191
2212;0.0000;0.0191
2213;1.0000;0.0191
2214;0.0000;0.0191
2215;0.0000;0.0191
2216;0.0225;0.0191
2217;0.0000;0.0191
2218;1.0000;0.0191
2219;0.0000;0.0191
2220;1.0000;0.0191
2221;0.0000;0.0191
2222;1.0000;0.0191
2223;0.0000;0.0191
2224;0.0000;0.0191
2225;0.0225;0.0191
2226;0.0000;0.0191
2227;1.0000;0.0191
2228;0.0000;0.0191
2229;1.0000;0.0191
2230;0.0000;0.0191
2231;1.0000;0.0191
2232;0.0000;0.0191
2233;0.0000;0.0191
2234;0.0225;0.0191
2235;0.0000;0.0191
2236;1.0000;0.0191
2237;0.0000;0.0191
2238;1.0000;0.0191
2239;0.0000;0.0191
2240;1.0000;0.0191
2241;0.0000;0.0191
2242;0.0000;0.0191
2243;0.0225;0.0191
2244;0.0000;0.0191
2245;1.0000;0.0191
2246;0.0000;0.0191
2247;1.0000;0.0191
2248;0.0000;0.0191
2249;1.0000;0.0191
2250;0.0000;0.0191
2251;0.0000;0.0191
2252;0.0225;0.0191
2253;0.0000;0.0191
2254;1.0000;0.0191
2255;0.0000;0.0191
2256;1.0000;0.0191
2257;0.0000;0.0191
2258;1.0000;0.0191
2259;0.0000;0.0191
2260;0.0000;0.0191
2261;0.0225;0.0191
2262;0.0000;0.0191
2263;1.0000;0.0191
2264;0.0000;0.0191
2265;1.0000;0.0191
2266;0.0000;0.0191
2267;1.0000;0.0191
2268;0.0000;0.0191
2269;0.0000;0.0191
2270;0.0225;0.0191
2271;0.0000;0.0191
2272;1.0000;0.0191
2273;0.0000;0.0191
2274;1.0000;0.0191
2275;0.0000;0.0191
2276;1.0000;0.0191
2277;0.0000;0.0191
2278;0.0000;0.0191
2279;0.0225;0.0191
2280;0.0000;0.0191
2281;1.0000;0.0191
2282;0.0000;0.0191
2283;1.0000;0.0191
2284;0.0000;0.0191
2285;1.0000;0.0191
2286;0.0000;0.0191
2287;0.0000;0.0191
2288;0.0225;0.0191
2289;0.0000;0.0191
2290;1.0000;0.0191
2291;0.0000;0.0191
2292;1.0000;0.0191
2293;0.0000;0.0191
2294;1.0000;0.0191
2295;0.0000;0.0191
2296;0.0000;0.0191
2297;0.0225;0.0191
2298;0.0000;0.0191
2299;1.0000;0.0191
2300;0.0000;0.0191
2301;1.0000;0.0191
2302;0.0000;0.0191
2303;1.0000;0.0191
2304;0.0000;0.0191
2305;0.0000;0.0191
2306;0.0225;0.0191
2307;0.0000;0.0191
2308;1.0000;0.0191
2309;0.0000;0.0191
2310;1.0000;0.0191
2311;0.0000;0.0191
2312;1.0000;0.0191
2313;0.0000;0.0191
2314;0.0000;0.0191
2315;0.0225;0.0191
2316;0.0000;0.0191
2317;1.0000;0.0191
2318;0.0000;0.0191
2319;1.0000;0.0191
2320;0.0000;0.0191
2321;1.0000;0.0191
2322;0.0000;0.0191
2323;0.0000;0.0191
2324;0.0225;0.0191
2325;0.0000;0.0191
2326;1.0000;0.0191
2327;0.0000;0.0191
2328;1.0000;0.0191
2329;0.0000;0.0191
2330;1.0000;0.0191
2331;0.0000;0.0191
2332;0.0000;0.0191
2333;0.0225;0.0191
2334;0.0000;0.0191
2335;1.0000;0.0191
2336;0.0000;0.0191
2337;1.0000;0.0191
2338;0.0000;0.0191
2339;1.0000;0.0191
2340;0.0000;0.0191
2341;0.0000;0.0191
2342;0.0225;0.0191
2343;0.0000;0.0191
2344;1.0000;0.0191
2345;0.0000;0.0191
2346;1.0000;0.0191
2347;0.0000;0.0191
2348;1.0000;0.0191
2349;0.0000;0.0191
2350;0.0000;0.0191
2351;0.0225;0.0191
2352;0.0000;0.0191
2353;1.0000;0.0191
2354;0.0000;0.0191
2355;1.0000;0.0191
2356;0.0000;0.0191
2357;1.0000;0.0191
2358;0.0000;0.0191
2359;0.0000;0.0191
2360;0.0225;0.0191
2361;0.0000;0.0191
2362;1.0000;0.0191
2363;0.0000;0.0191
2364;1.0000;0.0191
2365;0.0000;0.0191
2366;1.0000;0.0191
2367;0.0000;0.0191
2368;0.0000;0.0191
2369;0.0225;0.0191
2370;0.0000;0.0191
2371;1.0000;0.0191
2372;0.0000;0.0191
2373;1.0000;0.0191
2374;0.0000;0.0191
2375;1.0000;0.0191
2376;0.0000;0.0191
2377;0.0000;0.0191
2378;0.0225;0.0191
2379;0.0000;0.0191
2380;1.0000;0.0191
2381;0.0000;0.0191
2382;1.0000;0.0191
2383;0.0000;0.0191
2384;1.0000;0.0191
2385;0.0000;0.0191
2386;0.0000;0.0191
2387;0.0225;0.0191
2388;0.0000;0.0191
2389;1.0000;0.0191
2390;0.0000;0.0191
2391;1.0000;0.0191
2392;0.0000;0.0191
2393;1.0000;0.0191
2394;0.0000;0.0191
2395;0.0000;0.0191
2396;0.0225;0.0191
2397;0.0000;0.0191
2398;1.0000;0.0191
2399;0.0000;0.0191
2400;1.0000;0.0191
2401;0.0000;0.0191
2402;1.0000;0.0191
2403;0.0000;0.0191
2404;0.0000;0.0191
2405;0.0225;0.0191
2406;0.0000;0.0191
2407;1.0000;0.0191
2408;0.0000;0.0191
2409;1.0000;0.0191
2410;0.0000;0.0191
2411;1.0000;0.0191
2412;0.0000;0.0191
2413;0.0000;0.0191
2414;0.0225;0.0191
2415;0.0000;0.0191
2416;1.0000;0.0191
2417;0.0000;0.0191
2418;1.0000;0.0191
2419;0.0000;0.0191
2420;1.0000;0.0191
2421;0.0000;0.0191
2422;0.0000;0.0191
2423;0.0225;0.0191
2424;0.0000;0.0191
2425;1.0000;0.0191
2426;0.0000;0.0191
2427;1.0000;0.0191
2428;0.0000;0.0191
2429;1.0000;0.0191
2430;0.0000;0.0191
2431;0.0000;0.0191
2432;0.0225;0.0191
2433;0.0000;0.0191
2434;1.0000;0.0191
2435;0.0000;0.0191
2436;1.0000;0.0191
2437;0.0000;0.0191
2438;1.0000;0.0191
2439;0.0000;0.0191
2440;0.0000;0.0191
2441;0.0225;0.0191
2442;0.0000;0.0191
2443;1.0000;0.0191
2444;0.0000;0.0191
2445;1.0000;0.0191
2446;0.0000;0.0191
2447;1.0000;0.0191
2448;0.0000;0.0191
2449;0.0000;0.0191
2450;0.0225;0.0191
2451;0.0000;0.0191
2452;1.0000;0.0191
2453;0.0000;0.0191
2454;1.0000;0.0191
2455;0.0000;0.0191
2456;1.0000;0.0191
2457;0.0000;0.0191
2458;0.0000;0.0191
2459;0.0225;0.0191
2460;0.0000;0.0191
2461;1.0000;0.0191
2462;0.0000;0.0191
2463;1.0000;0.0191
2464;0.0000;0.0191
2465;1.0000;0.0191
2466;0.0000;0.0191
2467;0.0000;0.0191
2468;0.0225;0.0191
2469;0.0000;0.0191
2470;1.0000;0.0191
2471;0.0000;0.0191
2472;1.0000;0.0191
2473;0.0000;0.0191
2474;1.0000;0.0191
2475;0.0000;0.0191
2476;0.0000;0.0191
2477;0.0225;0.0191
2478;0.0000;0.0191
2479;1.0000;0.0191
2480;0.0000;0.0191
2481;1.0000;0.0191
2482;0.0000;0.0191
2483;1.0000;0.0191
2484;0.0000;0.0191
2485;0.0000;0.0191
2486;0.0225;0.0191
2487;0.0000;0.0191
2488;1.0000;0.0191
2489;0.0000;0.0191
2490;1.0000;0.0191
2491;0.0000;0.0191
2492;1.0000;0.0191
2493;0.0000;0.0191
2494;0.0000;0.0191
2495;0.0225;0.0191
2496;0.0000;0.0191
2497;1.0000;0.0191
2498;0.0000;0.0191
2499;1.0000;0.0191
2500;0.0000;0.0191
2501;1.0000;0.0191
2502;0.0000;0.0191
2503;0.0000;0.0191
2504;0.0225;0.0191
2505;0.0000;0.0191
2506;1.0000;0.0191
2507;0.0000;0.0191
2508;1.0000;0.0191
2509;0.0000;0.0191
2510;1.0000;0.0191
2511;0.0000;0.0191
2512;0.0000;0.0191
2513;0.0225;0.0191
2514;0.0000;0.0191
2515;1.0000;0.0191
2516;0.0000;0.0191
2517;1.0000;0.0191
2518;0.0000;0.0191
2519;1.0000;0.0191
2520;0.0000;0.0191
2521;0.0000;0.0191
2522;0.0225;0.0191
2523;0.0000;0.0191
2524;1.0000;0.0191
2525;0.0000;0.0191
2526;1.0000;0.0191
2527;0.0000;0.0191
2528;1.0000;0.0191
2529;0.0000;0.0191
2530;0.0000;0.0191
2531;0.0225;0.0191
2532;0.0000;0.0191
2533;1.0000;0.0191
2534;0.0000;0.0191
2535;1.0000;0.0191
2536;0.0000;0.0191
2537;1.0000;0.0191
2538;0.0000;0.0191
2539;0.0000;0.0191
2540;0.0225;0.0191
2541;0.0000;0.0191
2542;1.0000;0.0191
2543;0.0000;0.0191
2544;1.0000;0.0191
2545;0.0000;0.0191
2546;1.0000;0.0191
2547;0.0000;0.0191
2548;0.0000;0.0191
2549;0.0225;0.0191
2550;0.0000;0.0191
2551;1.0000;0.0191
2552;0.0000;0.0191
2553;1.0000;0.0191
2554;0.0000;0.0191
2555;1.0000;0.0191
2556;0.0000;0.0191
2557;0.0000;0.0191
2558;0.0225;0.0191
2559;0.0000;0.0191
2560;1.0000;0.0191
2561;0.0000;0.0191
2562;1.0000;0.0191
2563;0.0000;0.0191
2564;1.0000;0.0191
2565;0.0000;0.0191
2566;0.0000;0.0191
2567;0.0225;0.0191
2568;0.0000;0.0191
2569;1.0000;0.0191
2570;0.0000;0.0191
2571;1.0000;0.0191
2572;0.0000;0.0191
2573;1.0000;0.0191
2574;0.0000;0.0191
2575;0.0000;0.0191
2576;0.0225;0.0191
2577;0.0000;0.0191
2578;1.0000;0.0191
2579;0.0000;0.0191
2580;1.0000;0.0191
2581;0.0000;0.0191
2582;1.0000;0.0191
2583;0.0000;0.0191
2584;0.0000;0.0191
2585;0.0225;0.0191
2586;0.0000;0.0191
2587;1.0000;0.0191
2588;0.0000;0.0191
2589;1.0000;0.0191
2590;0.0000;0.0191
2591;1.0000;0.0191
2592;0.0000;0.0191
2593;0.0000;0.0191
2594;0.0225;0.0191
2595;0.0000;0.0191
2596;1.0000;0.0191
2597;0.0000;0.0191
2598;1.0000;0.0191
2599;0.0000;0.0191
2600;1.0000;0.0191
2601;0.0000;0.0191
2602;0.0000;0.0191
2603;0.0225;0.0191
2604;0.0000;0.0191
2605;1.0000;0.0191
2606;0.0000;0.0191
2607;1.0000;0.0191
2608;0.0000;0.0191
2609;1.0000;0.0191
2610;0.0000;0.0191
2611;0.0000;0.0191
2612;0.0225;0.0191
2613;0.0000;0.0191
2614;1.0000;0.0191
2615;0.0000;0.0191
2616;1.0000;0.0191
2617;0.0000;0.0191
2618;1.0000;0.0191
2619;0.0000;0.0191
2620;0.0000;0.0191
2621;0.0225;0.0191
2622;0.0000;0.0191
2623;1.0000;0.0191
2624;0.0000;0.0191
2625;1.0000;0.0191
2626;0.0000;0.0191
2627;1.0000;0.0191
2628;0.0000;0.0191
2629;0.0000;0.0191
2630;0.0225;0.0191
2631;0.0000;0.0191
2632;1.0000;0.0191
2633;0.0000;0.0191
2634;1.0000;0.0191
2635;0.0000;0.0191
2636;1.0000;0.0191
2637;0.0000;0.0191
2638;0.0000;0.0191
2639;0.0225;0.0191
2640;0.0000;0.0191
2641;1.0000;0.0191
2642;0.0000;0.0191
2643;1.0000;0.0191
2644;0.0000;0.0191
2645;1.0000;0.0191
2646;0.0000;0.0191
2647;0.0000;0.0191
2648;0.0225;0.0191
2649;0.0000;0.0191
2650;1.0000;0.0191
2651;0.0000;0.0191
2652;1.0000;0.0191
2653;0.0000;0.0191
2654;1.0000;0.0191
2655;0.0000;0.0191
2656;0.0000;0.0191
2657;0.0225;0.0191
2658;0.0000;0.0191
2659;1.0000;0.0191
2660;0.0000;0.0191
2661;1.0000;0.0191
2662;0.0000;0.0191
2663;1.0000;0.0191
2664;0.0000;0.0191
2665;0.0000;0.0191
2666;0.0225;0.0191
2667;0.0000;0.0191
2668;1.0000;0.0191
2669;0.0000;0.0191
2670;1.0000;0.0191
2671;0.0000;0.0191
2672;1.0000;0.0191
2673;0.0000;0.0191
2674;0.0000;0.0191
2675;0.0225;0.0191
2676;0.0000;0.0191
2677;1.0000;0.0191
2678;0.0000;0.0191
2679;1.0000;0.0191
2680;0.0000;0.0191
2681;1.0000;0.0191
2682;0.0000;0.0191
2683;0.0000;0.0191
2684;0.0225;0.0191
2685;0.0000;0.0191
2686;1.0000;0.0191
2687;0.0000;0.0191
2688;1.0000;0.0191
2689;0.0000;0.0191
2690;1.0000;0.0191
2691;0.0000;0.0191
2692;0.0000;0.0191
2693;0.0225;0.0191
2694;0.0000;0.0191
2695;1.0000;0.0191
2696;0.0000;0.0191
2697;1.0000;0.0191
2698;0.0000;0.0191
2699;1.0000;0.0191
2700;0.0000;0.0191
2701;0.0000;0.0191
2702;0.0225;0.0191
2703;0.0000;0.0191
2704;1.0000;0.0191
2705;0.0000;0.0191
2706;1.0000;0.0191
2707;0.0000;0.0191
2708;1.0000;0.0191
2709;0.0000;0.0191
2710;0.0000;0.0191
2711;0.0225;0.0191
2712;0.0000;0.0191
2713;1.0000;0.0191
2714;0.0000;0.0191
2715;1.0000;0.0191
2716;0.0000;0.0191
2717;1.0000;0.0191
2718;0.0000;0.0191
2719;0.0000;0.0191
2720;0.0225;0.0191
2721;0.0000;0.0191
2722;1.0000;0.0191
2723;0.0000;0.0191
2724;1.0000;0.0191
2725;0.0000;0.0191
2726;1.0000;0.0191
2727;0.0000;0.0191
2728;0.0000;0.0191
2729;0.0225;0.0191
2730;0.0000;0.0191
2731;1.0000;0.0191
2732;0.0000;0.0191
2733;1.0000;0.0191
2734;0.0000;0.0191
2735;1.0000;0.0191
2736;0.0000;0.0191
2737;0.0000;0.0191
2738;0.0225;0.0191
2739;0.0000;0.0191
2740;1.0000;0.0191
2741;0.0000;0.0191
2742;1.0000;0.0191
2743;0.0000;0.0191
2744;1.0000;0.0191
2745;0.0000;0.0191
2746;0.0000;0.0191
2747;0.0225;0.0191
2748;0.0000;0.0191
2749;1.0000;0.0191
2750;0.0000;0.0191
2751;1.0000;0.0191
2752;0.0000;0.0191
2753;1.0000;0.0191
2754;0.0000;0.0191
2755;0.0000;0.0191
2756;0.0225;0.0191
2757;0.0000;0.0191
2758;1.0000;0.0191
2759;0.0000;0.0191
2760;1.0000;0.0191
2761;0.0000;0.0191
2762;1.0000;0.0191
2763;0.0000;0.0191
2764;0.0000;0.0191
2765;0.0225;0.0191
2766;0.0000;0.0191
2767;1.0000;0.0191
2768;0.0000;0.0191
2769;1.0000;0.0191
2770;0.0000;0.0191
2771;1.0000;0.0191
2772;0.0000;0.0191
2773;0.0000;0.0191
2774;0.0225;0.0191
2775;0.0000;0.0191
2776;1.0000;0.0191
2777;0.0000;0.0191
2778;1.0000;0.0191
2779;0.0000;0.0191
2780;1.0000;0.0191
2781;0.0000;0.0191
2782;0.0000;0.0191
2783;0.0225;0.0191
2784;0.0000;0.0191
2785;1.0000;0.0191
2786;0.0000;0.0191
2787;1.0000;0.0191
2788;0.0000;0.0191
2789;1.0000;0.0191
2790;0.0000;0.0191
2791;0.0000;0.0191
2792;0.0225;0.0191
2793;0.0000;0.0191
2794;1.0000;0.0191
2795;0.0000;0.0191
2796;1.0000;0.0191
2797;0.0000;0.0191
2798;1.0000;0.0191
2799;0.0000;0.0191
2800;0.0000;0.0191
2801;0.0225;0.0191
2802;0.0000;0.0191
2803;1.0000;0.0191
2804;0.0000;0.0191
2805;1.0000;0.0191
2806;0.0000;0.0191
2807;1.0000;0.0191
2808;0.0000;0.0191
2809;0.0000;0.0191
2810;0.0225;0.0191
2811;0.0000;0.0191
2812;1.0000;0.0191
2813;0.0000;0.0191
2814;1.0000;0.0191
2815;0.0000;0.0191
2816;1.0000;0.0191
2817;0.0000;0.0191
2818;0.0000;0.0191
2819;0.0225;0.0191
2820;0.0000;0.0191
2821;1.0000;0.0191
2822;0.0000;0.0191
2823;1.0000;0.0191
2824;0.0000;0.0191
2825;1.0000;0.0191
2826;0.0000;0.0191
2827;0.0000;0.0191
2828;0.0225;0.0191
2829;0.0000;0.0191
2830;1.0000;0.0191
2831;0.0000;0.0191
2832;1.0000;0.0191
2833;0.0000;0.0191
2834;1.0000;0.0191
2835;0.0000;0.0191
2836;0.0000;0.0191
2837;0.0225;0.0191
2838;0.0000;0.0191
2839;1.0000;0.0191
2840;0.0000;0.0191
2841;1.0000;0.0191
2842;0.0000;0.0191
2843;1.0000;0.0191
2844;0.0000;0.0191
2845;0.0000;0.0191
2846;0.0225;0.0191
2847;0.0000;0.0191
2848;1.0000;0.0191
2849;0.0000;0.0191
2850;1.0000;0.0191
2851;0.0000;0.0191
2852;1.0000;0.0191
2853;0.0000;0.0191
2854;0.0000;0.0191
2855;0.0225;0.0191
2856;0.0000;0.0191
2857;1.0000;0.0191
2858;0.0000;0.0191
2859;1.0000;0.0191
2860;0.0000;0.0191
2861;1.0000;0.0191
2862;0.0000;0.0191
2863;0.0000;0.0191
2864;0.0225;0.0191
2865;0.0000;0.0191
2866;1.0000;0.0191
2867;0.0000;0.0191
2868;1.0000;0.0191
2869;0.0000;0.0191
2870;1.0000;0.0191
2871;0.0000;0.0191
2872;0.0000;0.0191
2873;0.0225;0.0191
2874;0.0000;0.0191
2875;1.0000;0.0191
2876;0.0000;0.0191
2877;1.0000;0.0191
2878;0.0000;0.0191
2879;1.0000;0.0191
2880;0.0000;0.0191
2881;0.0000;0.0191
2882;0.0225;0.0191
2883;0.0000;0.0191
2884;1.0000;0.0191
2885;0.0000;0.0191
2886;1.0000;0.0191
2887;0.0000;0.0191
2888;1.0000;0.0191
2889;0.0000;0.0191
2890;0.0000;0.0191
2891;0.0225;0.0191
2892;0.0000;0.0191
2893;1.0000;0.0191
2894;0.0000;0.0191
2895;1.0000;0.0191
2896;0.0000;0.0191
2897;1.0000;0.0191
2898;0.0000;0.0191
2899;0.0000;0.0191
2900;0.0225;0.0191
2901;0.0000;0.0191
2902;1.0000;0.0191
2903;0.0000;0.0191
2904;1.0000;0.0191
2905;0.0000;0.0191
2906;1.0000;0.0191
2907;0.0000;0.0191
2908;0.0000;0.0191
2909;0.0225;0.0191
2910;0.0000;0.0191
2911;1.0000;0.0191
2912;0.0000;0.0191
2913;1.0000;0.0191
2914;0.0000;0.0191
2915;1.0000;0.0191
2916;0.0000;0.0191
2917;0.0000;0.0191
2918;0.0225;0.0191
2919;0.0000;0.0191
2920;1.0000;0.0191
2921;0.0000;0.0191
2922;1.0000;0.0191
2923;0.0000;0.0191
2924;1.0000;0.0191
2925;0.0000;0.0191
2926;0.0000;0.0191
2927;0.0225;0.0191
2928;0.0000;0.0191
2929;1.0000;0.0191
2930;0.0000;0.0191
2931;1.0000;0.0191
2932;0.0000;0.0191
2933;1.0000;0.0191
2934;0.0000;0.0191
2935;0.0000;0.0191
2936;0.0225;0.0191
2937;0.0000;0.0191
2938;1.0000;0.0191
2939;0.0000;0.0191
2940;1.0000;0.0191
2941;0.0000;0.0191
2942;1.0000;0.0191
2943;0.0000;0.0191
2944;0.0000;0.0191
2945;0.0225;0.0191
2946;0.0000;0.0191
2947;1.0000;0.0191
2948;0.0000;0.0191
2949;1.0000;0.0191
2950;0.0000;0.0191
2951;1.0000;0.0191
2952;0.0000;0.0191
2953;0.0000;0.0191
2954;0.0225;0.0191
2955;0.0000;0.0191
2956;1.0000;0.0191
2957;0.0000;0.0191
2958;1.0000;0.0191
2959;0.0000;0.0191
2960;1.0000;0.0191
2961;0.0000;0.0191
2962;0.0000;0.0191
2963;0.0225;0.0191
2964;0.0000;0.0191
2965;1.0000;0.0191
2966;0.0000;0.0191
2967;1.0000;0.0191
2968;0.0000;0.0191
2969;1.0000;0.0191
2970;0.0000;0.0191
2971;0.0000;0.0191
2972;0.0225;0.0191
2973;0.0000;0.0191
2974;1.0000;0.0191
2975;0.0000;0.0191
2976;1.0000;0.0191
2977;0.0000;0.0191
2978;1.0000;0.0191
2979;0.0000;0.0191
2980;0.0000;0.0191
2981;0.0225;0.0191
2982;0.0000;0.0191
2983;1.0000;0.0191
2984;0.0000;0.0191
2985;1.0000;0.0191
2986;0.0000;0.0191
2987;1.0000;0.0191
2988;0.0000;0.0191
2989;0.0000;0.0191
2990;0.0225;0.0191
2991;0.0000;0.0191
2992;1.0000;0.0191
2993;0.0000;0.0191
2994;1.0000;0.0191
2995;0.0000;0.0191
2996;1.0000;0.0191
2997;0.0000;0.0191
2998;0.0000;0.0191
2999;0.0225;0.0191
3000;0.0000;0.0191
3001;1.0000;0.0191
3002;0.0000;0.0191
3003;1.0000;0.0191
3004;0.0000;0.0191
3005;1.0000;0.0191
3006;0.0000;0.0191
3007;0.0000;0.0191
3008;0.0225;0.0191
3009;0.0000;0.0191
3010;1.0000;0.0191
3011;0.0000;0.0191
3012;1.0000;0.0191
3013;0.0000;0.0191
3014;1.0000;0.0191
3015;0.0000;0.0191
3016;0.0000;0.0191
3017;0.0225;0.0191
3018;0.0000;0.0191
3019;1.0000;0.0191
3020;0.0000;0.0191
3021;1.0000;0.0191
3022;0.0000;0.0191
3023;1.0000;0.0191
3024;0.0000;0.0191
3025;0.0000;0.0191
3026;0.0225;0.0191
3027;0.0000;0.0191
3028;1.0000;0.0191
3029;0.0000;0.0191
3030;1.0000;0.0191
3031;0.0000;0.0191
3032;1.0000;0.0191
3033;0.0000;0.0191
3034;0.0000;0.0191
3035;0.0225;0.0191
3036;0.0000;0.0191
3037;1.0000;0.0191
3038;0.0000;0.0191
3039;1.0000;0.0191
3040;0.0000;0.0191
3041;1.0000;0.0191
3042;0.0000;0.0191
3043;0.0000;0.0191
3044;0.0225;0.0191
3045;0.0000;0.0191
3046;1.0000;0.0191
3047;0.0000;0.0191
3048;1.0000;0.0191
3049;0.0000;0.0191
3050;1.0000;0.0191
3051;0.0000;0.0191
3052;0.0000;0.0191
3053;0.0225;0.0191
3054;0.0000;0.0191
3055;1.0000;0.0191
3056;0.0000;0.0191
3057;1.0000;0.0191
3058;0.0000;0.0191
3059;1.0000;0.0191
3060;0.0000;0.0191
3061;0.0000;0.0191
3062;0.0225;0.0191
3063;0.0000;0.0191
3064;1.0000;0.0191
3065;0.0000;0.0191
3066;1.0000;0.0191
3067;0.0000;0.0191
3068;1.0000;0.0191
3069;0.0000;0.0191
3070;0.0000;0.0191
3071;0.0225;0.0191
3072;0.0000;0.0191
3073;1.0000;0.0191
3074;0.0000;0.0191
3075;1.0000;0.0191
3076;0.0000;0.0191
3077;1.0000;0.0191
3078;0.0000;0.0191
3079;0.0000;0.0191
3080;0.0225;0.0191
3081;0.0000;0.0191
3082;1.0000;0.0191
3083;0.0000;0.0191
3084;1.0000;0.0191
3085;0.0000;0.0191
3086;1.0000;0.0191
3087;0.0000;0.0191
3088;0.0000;0.0191
3089;0.0225;0.0191
3090;0.0000;0.0191
3091;1.0000;0.0191
3092;0.0000;0.0191
3093;1.0000;0.0191
3094;0.0000;0.0191
3095;1.0000;0.0191
3096;0.0000;0.0191
3097;0.0000;0.0191
3098;0.0225;0.0191
3099;0.0000;0.0191
3100;1.0000;0.0191
3101;0.0000;0.0191
3102;1.0000;0.0191
3103;0.0000;0.0191
3104;1.0000;0.0191
3105;0.0000;0.0191
3106;0.0000;0.0191
3107;0.0225;0.0191
3108;0.0000;0.0191
3109;1.0000;0.0191
3110;0.0000;0.0191
3111;1.0000;0.0191
3112;0.0000;0.0191
3113;1.0000;0.0191
3114;0.0000;0.0191
3115;0.0000;0.0191
3116;0.0225;0.0191
3117;0.0000;0.0191
3118;1.0000;0.0191
3119;0.0000;0.0191
3120;1.0000;0.0191
3121;0.0000;0.0191
3122;1.0000;0.0191
3123;0.0000;0.0191
3124;0.0000;0.0191
3125;0.0225;0.0191
3126;0.0000;0.0191
3127;1.0000;0.0191
3128;0.0000;0.0191
3129;1.0000;0.0191
3130;0.0000;0.0191
3131;1.0000;0.0191
3132;0.0000;0.0191
3133;0.0000;0.0191
3134;0.0225;0.0191
3135;0.0000;0.0191
3136;1.0000;0.0191
3137;0.0000;0.0191
3138;1.0000;0.0191
3139;0.0000;0.0191
3140;1.0000;0.0191
3141;0.0000;0.0191
3142;0.0000;0.0191
3143;0.0225;0.0191
3144;0.0000;0.0191
3145;1.0000;0.0191
3146;0.0000;0.0191
3147;1.0000;0.0191
3148;0.0000;0.0191
3149;1.0000;0.0191
3150;0.0000;0.0191
3151;0.0000;0.0191
3152;0.0225;0.0191
3153;0.0000;0.0191
3154;1.0000;0.0191
3155;0.0000;0.0191
3156;1.0000;0.0191
3157;0.0000;0.0191
3158;1.0000;0.0191
3159;0.0000;0.0191
3160;0.0000;0.0191
3161;0.0225;0.0191
3162;0.0000;0.0191
3163;1.0000;0.0191
3164;0.0000;0.0191
3165;1.0000;0.0191
3166;0.0000;0.0191
3167;1.0000;0.0191
3168;0.0000;0.0191
3169;0.0000;0.0191
3170;0.0225;0.0191
3171;0.0000;0.0191
3172;1.0000;0.0191
3173;0.0000;0.0191
3174;1.0000;0.0191
3175;0.0000;0.0191
3176;1.0000;0.0191
3177;0.0000;0.0191
3178;0.0000;0.0191
3179;0.0225;0.0191
3180;0.0000;0.0191
3181;1.0000;0.0191
3182;0.0000;0.0191
3183;1.0000;0.0191
3184;0.0000;0.0191
3185;1.0000;0.0191
3186;0.0000;0.0191
3187;0.0000;0.0191
3188;0.0225;0.0191
3189;0.0000;0.0191
3190;1.0000;0.0191
3191;0.0000;0.0191
3192;1.0000;0.0191
3193;0.0000;0.0191
3194;1.0000;0.0191
3195;0.0000;0.0191
3196;0.0000;0.0191
3197;0.0225;0.0191
3198;0.0000;0.0191
3199;1.0000;0.0191
3200;0.0000;0.0191
3201;1.0000;0.0191
3202;0.0000;0.0191
3203;1.0000;0.0191
3204;0.0000;0.0191
3205;0.0000;0.0191
3206;0.0225;0.0191
3207;0.0000;0.0191
3208;1.0000;0.0191
3209;0.0000;0.0191
3210;1.0000;0.0191
3211;0.0000;0.0191
3212;1.0000;0.0191
3213;0.0000;0.0191
3214;0.0000;0.0191
3215;0.0225;0.0191
3216;0.0000;0.0191
3217;1.0000;0.0191
3218;0.0000;0.0191
3219;1.0000;0.0191
3220;0.0000;0.0191
3221;1.0000;0.0191
3222;0.0000;0.0191
3223;0.0000;0.0191
3224;0.0225;0.0191
3225;0.0000;0.0191
3226;1.0000;0.0191
3227;0.0000;0.0191
3228;1.0000;0.0191
3229;0.0000;0.0191
3230;1.0000;0.0191
3231;0.0000;0.0191
3232;0.0000;0.0191
3233;0.0225;0.0191
3234;0.0000;0.0191
3235;1.0000;0.0191
3236;0.0000;0.0191
3237;1.0000;0.0191
3238;0.0000;0.0191
3239;1.0000;0.0191
3240;0.0000;0.0191
3241;0.0000;0.0191
3242;0.0225;0.0191
3243;0.0000;0.0191
3244;1.0000;0.0191
3245;0.0000;0.0191
3246;1.0000;0.0191
3247;0.0000;0.0191
3248;1.0000;0.0191
3249;0.0000;0.0191
3250;0.0000;0.0191
3251;0.0225;0.0191
3252;0.0000;0.0191
3253;1.0000;0.0191
3254;0.0000;0.0191
3255;1.0000;0.0191
3256;0.0000;0.0191
3257;1.0000;0.0191
3258;0.0000;0.0191
3259;0.0000;0.0191
3260;0.0225;0.0191
3261;0.0000;0.0191
3262;1.0000;0.0191
3263;0.0000;0.0191
3264;1.0000;0.0191
3265;0.0000;0.0191
3266;1.0000;0.0191
3267;0.0000;0.0191
3268;0.0000;0.0191
3269;0.0225;0.0191
3270;0.0000;0.0191
3271;1.0000;0.0191
3272;0.0000;0.0191
3273;1.0000;0.0191
3274;0.0000;0.0191
3275;1.0000;0.0191
3276;0.0000;0.0191
3277;0.0000;0.0191
3278;0.0225;0.0191
3279;0.0000;0.0191
3280;1.0000;0.0191
3281;0.0000;0.0191
3282;1.0000;0.0191
3283;0.0000;0.0191
3284;1.0000;0.0191
3285;0.0000;0.0191
3286;0.0000;0.0191
3287;0.0225;0.0191
3288;0.0000;0.0191
3289;1.0000;0.0191
3290;0.0000;0.0191
3291;1.0000;0.0191
3292;0.0000;0.0191
3293;1.0000;0.0191
3294;0.0000;0.0191
3295;0.0000;0.0191
3296;0.0225;0.0191
3297;0.0000;0.0191
3298;1.0000;0.0191
3299;0.0000;0.0191
3300;1.0000;0.0191
3301;0.0000;0.0191
3302;1.0000;0.0191
3303;0.0000;0.0191
3304;0.0000;0.0191
3305;0.0225;0.0191
3306;0.0000;0.0191
3307;1.0000;0.0191
3308;0.0000;0.0191
3309;1.0000;0.0191
3310;0.0000;0.0191
3311;1.0000;0.0191
3312;0.0000;0.0191
3313;0.0000;0.0191
3314;0.0225;0.0191
3315;0.0000;0.0191
3316;1.0000;0.0191
3317;0.0000;0.0191
3318;1.0000;0.0191
3319;0.0000;0.0191
3320;1.0000;0.0191
3321;0.0000;0.0191
3322;0.0000;0.0191
3323;0.0225;0.0191
3324;0.0000;0.0191
3325;1.0000;0.0191
3326;0.0000;0.0191
3327;1.0000;0.0191
3328;0.0000;0.0191
3329;1.0000;0.0191
3330;0.0000;0.0191
3331;0.0000;0.0191
3332;0.0225;0.0191
3333;0.0000;0.0191
3334;1.0000;0.0191
3335;0.0000;0.0191
3336;1.0000;0.0191
3337;0.0000;0.0191
3338;1.0000;0.0191
3339;0.0000;0.0191
3340;0.0000;0.0191
3341;0.0225;0.0191
3342;0.0000;0.0191
3343;1.0000;0.0191
3344;0.0000;0.0191
3345;1.0000;0.0191
3346;0.0000;0.0191
3347;1.0000;0.0191
3348;0.0000;0.0191
3349;0.0000;0.0191
3350;0.0225;0.0191
3351;0.0000;0.0191
3352;1.0000;0.0191
3353;0.0000;0.0191
3354;1.0000;0.0191
3355;0.0000;0.0191
3356;1.0000;0.0191
3357;0.0000;0.0191
3358;0.0000;0.0191
3359;0.0225;0.0191
3360;0.0000;0.0191
3361;1.0000;0.0191
3362;0.0000;0.0191
3363;1.0000;0.0191
3364;0.0000;0.0191
3365;1.0000;0.0191
3366;0.0000;0.0191
3367;0.0000;0.0191
3368;0.0225;0.0191
3369;0.0000;0.0191
3370;1.0000;0.0191
3371;0.0000;0.0191
3372;1.0000;0.0191
3373;0.0000;0.0191
3374;1.0000;0.0191
3375;0.0000;0.0191
3376;0.0000;0.0191
3377;0.0225;0.0191
3378;0.0000;0.0191
3379;1.0000;0.0191
3380;0.0000;0.0191
3381;1.0000;0.0191
3382;0.0000;0.0191
3383;1.0000;0.0191
3384;0.0000;0.0191
3385;0.0000;0.0191
3386;0.0225;0.0191
3387;0.0000;0.0191
3388;1.0000;0.0191
3389;0.0000;0.0191
3390;1.0000;0.0191
3391;0.0000;0.0191
3392;1.0000;0.0191
3393;0.0000;0.0191
3394;0.0000;0.0191
3395;0.0225;0.0191
3396;0.0000;0.0191
3397;1.0000;0.0191
3398;0.0000;0.0191
3399;1.0000;0.0191
3400;0.0000;0.0191
3401;1.0000;0.0191
3402;0.0000;0.0191
3403;0.0000;0.0191
3404;0.0225;0.0191
3405;0.0000;0.0191
3406;1.0000;0.0191
3407;0.0000;0.0191
3408;1.0000;0.0191
3409;0.0000;0.0191
3410;1.0000;0.0191
3411;0.0000;0.0191
3412;0.0000;0.0191
3413;0.0225;0.0191
3414;0.0000;0.0191
3415;1.0000;0.0191
3416;0.0000;0.0191
3417;1.0000;0.0191
3418;0.0000;0.0191
3419;1.0000;0.0191
3420;0.0000;0.0191
3421;0.0000;0.0191
3422;0.0225;0.0191
3423;0.0000;0.0191
3424;1.0000;0.0191
3425;0.0000;0.0191
3426;1.0000;0.0191
3427;0.0000;0.0191
3428;1.0000;0.0191
3429;0.0000;0.0191
3430;0.0000;0.0191
3431;0.0225;0.0191
3432;0.0000;0.0191
3433;1.0000;0.0191
3434;0.0000;0.0191
3435;1.0000;0.0191
3436;0.0000;0.0191
3437;1.0000;0.0191
3438;0.0000;0.0191
3439;0.0000;0.0191
3440;0.0225;0.0191
3441;0.0000;0.0191
3442;1.0000;0.0191
3443;0.0000;0.0191
3444;1.0000;0.0191
3445;0.0000;0.0191
3446;1.0000;0.0191
3447;0.0000;0.0191
3448;0.0000;0.0191
3449;0.0225;0.0191
3450;0.0000;0.0191
3451;1.0000;0.0191
3452;0.0000;0.0191
3453;1.0000;0.0191
3454;0.0000;0.0191
3455;1.0000;0.0191
3456;0.0000;0.0191
3457;0.0000;0.0191
3458;0.0225;0.0191
3459;0.0000;0.0191
3460;1.0000;0.0191
3461;0.0000;0.0191
3462;1.0000;0.0191
3463;0.0000;0.0191
3464;1.0000;0.0191
3465;0.0000;0.0191
3466;0.0000;0.0191
3467;0.0225;0.0191
3468;0.0000;0.0191
3469;1.0000;0.0191
3470;0.0000;0.0191
3471;1.0000;0.0191
3472;0.0000;0.0191
3473;1.0000;0.0191
3474;0.0000;0.0191
3475;0.0000;0.0191
3476;0.0225;0.0191
3477;0.0000;0.0191
3478;1.0000;0.0191
3479;0.0000;0.0191
3480;1.0000;0.0191
3481;0.0000;0.0191
3482;1.0000;0.0191
3483;0.0000;0.0191
3484;0.0000;0.0191
3485;0.0225;0.0191
3486;0.0000;0.0191
3487;1.0000;0.0191
3488;0.0000;0.0191
3489;1.0000;0.0191
3490;0.0000;0.0191
3491;1.0000;0.0191
3492;0.0000;0.0191
3493;0.0000;0.0191
3494;0.0225;0.0191
3495;0.0000;0.0191
3496;1.0000;0.0191
3497;0.0000;0.0191
3498;1.0000;0.0191
3499;0.0000;0.0191
3500;1.0000;0.0191
3501;0.0000;0.0191
3502;0.0000;0.0191
3503;0.0225;0.0191
3504;0.0000;0.0191
3505;1.0000;0.0191
3506;0.0000;0.0191
3507;1.0000;0.0191
3508;0.0000;0.0191
3509;1.0000;0.0191
3510;0.0000;0.0191
3511;0.0000;0.0191
3512;0.0225;0.0191
3513;0.0000;0.0191
3514;1.0000;0.0191
3515;0.0000;0.0191
3516;1.0000;0.0191
3517;0.0000;0.0191
3518;1.0000;0.0191
3519;0.0000;0.0191
3520;0.0000;0.0191
3521;0.0225;0.0191
3522;0.0000;0.0191
3523;1.0000;0.0191
3524;0.0000;0.0191
3525;1.0000;0.0191
3526;0.0000;0.0191
3527;1.0000;0.0191
3528;0.0000;0.0191
3529;0.0000;0.0191
3530;0.0225;0.0191
3531;0.0000;0.0191
3532;1.0000;0.0191
3533;0.0000;0.0191
3534;1.0000;0.0191
3535;0.0000;0.0191
3536;1.0000;0.0191
3537;0.0000;0.0191
3538;0.0000;0.0191
3539;0.0225;0.0191
3540;0.0000;0.0191
3541;1.0000;0.0191
3542;0.0000;0.0191
3543;1.0000;0.0191
3544;0.0000;0.0191
3545;1.0000;0.0191
3546;0.0000;0.0191
3547;0.0000;0.0191
3548;0.0225;0.0191
3549;0.0000;0.0191
3550;1.0000;0.0191
3551;0.0000;0.0191
3552;1.0000;0.0191
3553;0.0000;0.0191
3554;1.0000;0.0191
3555;0.0000;0.0191
3556;0.0000;0.0191
3557;0.0225;0.0191
3558;0.0000;0.0191
3559;1.0000;0.0191
3560;0.0000;0.0191
3561;1.0000;0.0191
3562;0.0000;0.0191
3563;1.0000;0.0191
3564;0.0000;0.0191
3565;0.0000;0.0191
3566;0.0225;0.0191
3567;0.0000;0.0191
3568;1.0000;0.0191
3569;0.0000;0.0191
3570;1.0000;0.0191
3571;0.0000;0.0191
3572;1.0000;0.0191
3573;0.0000;0.0191
3574;0.0000;0.0191
3575;0.0225;0.0191
3576;0.0000;0.0191
3577;1.0000;0.0191
3578;0.0000;0.0191
3579;1.0000;0.0191
3580;0.0000;0.0191
3581;1.0000;0.0191
3582;0.0000;0.0191
3583;0.0000;0.0191
3584;0.0225;0.0191
3585;0.0000;0.0191
3586;1.0000;0.0191
3587;0.0000;0.0191
3588;1.0000;0.0191
3589;0.0000;0.0191
3590;1.0000;0.0191
3591;0.0000;0.0191
3592;0.0000;0.0191
3593;0.0225;0.0191
3594;0.0000;0.0191
3595;1.0000;0.0191
3596;0.0000;0.0191
3597;1.0000;0.0191
3598;0.0000;0.0191
3599;1.0000;0.0191
