time;work;work cumulative
0;0.0;0.0
1;1600000.0;1600000.0
2;0.0;1600000.0
3;1600000.0;3200000.0
4;0.0;3200000.0
5;1600000.0;4800000.0
6;0.0;4800000.0
7;1600000.0;6400000.0
8;0.0;6400000.0
9;1600000.0;8000000.0
10;1596800.0;9596800.0
11;3200.0;9600000.0
12;1600000.0;1.12E7
13;0.0;1.12E7
14;1600000.0;1.28E7
15;0.0;1.28E7
16;1600000.0;1.44E7
17;0.0;1.44E7
18;1600000.0;1.6E7
19;1596800.0;1.75968E7
20;3200.0;1.76E7
21;1600000.0;1.92E7
22;0.0;1.92E7
23;1600000.0;2.08E7
24;0.0;2.08E7
25;1600000.0;2.24E7
26;0.0;2.24E7
27;1600000.0;2.4E7
28;1596800.0;2.55968E7
29;3200.0;2.56E7
30;1600000.0;2.72E7
31;0.0;2.72E7
32;1600000.0;2.88E7
33;0.0;2.88E7
34;1600000.0;3.04E7
35;0.0;3.04E7
36;1600000.0;3.2E7
37;1598400.0;3.35984E7
38;1600.0;3.36E7
39;1600000.0;3.52E7
40;0.0;3.52E7
41;1600000.0;3.68E7
42;0.0;3.68E7
43;1600000.0;3.84E7
44;0.0;3.84E7
45;1600000.0;4.0E7
46;1598400.0;4.15984E7
47;1600.0;4.16E7
48;1600000.0;4.32E7
49;0.0;4.32E7
50;1600000.0;4.48E7
51;0.0;4.48E7
52;1600000.0;4.64E7
53;0.0;4.64E7
54;1600000.0;4.8E7
55;1598400.0;4.95984E7
56;1600.0;4.96E7
57;1600000.0;5.12E7
58;0.0;5.12E7
59;1600000.0;5.28E7
60;0.0;5.28E7
61;1600000.0;5.44E7
62;0.0;5.44E7
63;1600000.0;5.6E7
64;1596800.0;5.75968E7
65;3200.0;5.76E7
66;1600000.0;5.92E7
67;0.0;5.92E7
68;1600000.0;6.08E7
69;0.0;6.08E7
70;1600000.0;6.24E7
71;0.0;6.24E7
72;1600000.0;6.4E7
73;1596800.0;6.55968E7
74;3200.0;6.56E7
75;1600000.0;6.72E7
76;0.0;6.72E7
77;1600000.0;6.88E7
78;0.0;6.88E7
79;1600000.0;7.04E7
80;0.0;7.04E7
81;1600000.0;7.2E7
82;1596800.0;7.35968E7
83;3200.0;7.36E7
84;1600000.0;7.52E7
85;0.0;7.52E7
86;1600000.0;7.68E7
87;0.0;7.68E7
88;1600000.0;7.84E7
89;0.0;7.84E7
90;1600000.0;8.0E7
91;1596800.0;8.15968E7
92;3200.0;8.16E7
93;1600000.0;8.32E7
94;0.0;8.32E7
95;1600000.0;8.48E7
96;0.0;8.48E7
97;1600000.0;8.64E7
98;0.0;8.64E7
99;1600000.0;8.8E7
100;1596800.0;8.95968E7
101;3200.0;8.96E7
102;1600000.0;9.12E7
103;0.0;9.12E7
104;1600000.0;9.28E7
105;0.0;9.28E7
106;1600000.0;9.44E7
107;0.0;9.44E7
108;1600000.0;9.6E7
109;1596800.0;9.75968E7
110;3200.0;9.76E7
111;1600000.0;9.92E7
112;0.0;9.92E7
113;1600000.0;1.008E8
114;0.0;1.008E8
115;1600000.0;1.024E8
116;0.0;1.024E8
117;1600000.0;1.04E8
118;1596800.0;1.055968E8
119;3200.0;1.056E8
120;1600000.0;1.072E8
121;0.0;1.072E8
122;1600000.0;1.088E8
123;0.0;1.088E8
124;1600000.0;1.104E8
125;0.0;1.104E8
126;1600000.0;1.12E8
127;1596800.0;1.135968E8
128;3200.0;1.136E8
129;1600000.0;1.152E8
130;0.0;1.152E8
131;1600000.0;1.168E8
132;0.0;1.168E8
133;1600000.0;1.184E8
134;0.0;1.184E8
135;1600000.0;1.2E8
136;1598400.0;1.215984E8
137;1600.0;1.216E8
138;1600000.0;1.232E8
139;0.0;1.232E8
140;1600000.0;1.248E8
141;0.0;1.248E8
142;1600000.0;1.264E8
143;0.0;1.264E8
144;1600000.0;1.28E8
145;1598400.0;1.295984E8
146;1600.0;1.296E8
147;1600000.0;1.312E8
148;0.0;1.312E8
149;1600000.0;1.328E8
150;0.0;1.328E8
151;1600000.0;1.344E8
152;0.0;1.344E8
153;1600000.0;1.36E8
154;1598400.0;1.375984E8
155;1600.0;1.376E8
156;1600000.0;1.392E8
157;0.0;1.392E8
158;1600000.0;1.408E8
159;0.0;1.408E8
160;1600000.0;1.424E8
161;0.0;1.424E8
162;1600000.0;1.44E8
163;1598400.0;1.455984E8
164;1600.0;1.456E8
165;1600000.0;1.472E8
166;0.0;1.472E8
167;1600000.0;1.488E8
168;0.0;1.488E8
169;1600000.0;1.504E8
170;0.0;1.504E8
171;1600000.0;1.52E8
172;1598400.0;1.535984E8
173;1600.0;1.536E8
174;1600000.0;1.552E8
175;0.0;1.552E8
176;1600000.0;1.568E8
177;0.0;1.568E8
178;1600000.0;1.584E8
179;0.0;1.584E8
180;1600000.0;1.6E8
181;1598400.0;1.615984E8
182;1600.0;1.616E8
183;1600000.0;1.632E8
184;0.0;1.632E8
185;1600000.0;1.648E8
186;0.0;1.648E8
187;1600000.0;1.664E8
188;0.0;1.664E8
189;1600000.0;1.68E8
190;1598400.0;1.695984E8
191;1600.0;1.696E8
192;1600000.0;1.712E8
193;0.0;1.712E8
194;1600000.0;1.728E8
195;0.0;1.728E8
196;1600000.0;1.744E8
197;0.0;1.744E8
198;1600000.0;1.76E8
199;1598400.0;1.775984E8
200;1600.0;1.776E8
201;1600000.0;1.792E8
202;0.0;1.792E8
203;1600000.0;1.808E8
204;0.0;1.808E8
205;1600000.0;1.824E8
206;0.0;1.824E8
207;1600000.0;1.84E8
208;1598400.0;1.855984E8
209;1600.0;1.856E8
210;1600000.0;1.872E8
211;0.0;1.872E8
212;1600000.0;1.888E8
213;0.0;1.888E8
214;1600000.0;1.904E8
215;0.0;1.904E8
216;1600000.0;1.92E8
217;1598400.0;1.935984E8
218;1600.0;1.936E8
219;1600000.0;1.952E8
220;0.0;1.952E8
221;1600000.0;1.968E8
222;0.0;1.968E8
223;1600000.0;1.984E8
224;0.0;1.984E8
225;1600000.0;2.0E8
226;1598400.0;2.015984E8
227;1600.0;2.016E8
228;1600000.0;2.032E8
229;0.0;2.032E8
230;1600000.0;2.048E8
231;0.0;2.048E8
232;1600000.0;2.064E8
233;0.0;2.064E8
234;1600000.0;2.08E8
235;1598400.0;2.095984E8
236;1600.0;2.096E8
237;1600000.0;2.112E8
238;0.0;2.112E8
239;1600000.0;2.128E8
240;0.0;2.128E8
241;1600000.0;2.144E8
242;0.0;2.144E8
243;1600000.0;2.16E8
244;1598400.0;2.175984E8
245;1600.0;2.176E8
246;1600000.0;2.192E8
247;0.0;2.192E8
248;1600000.0;2.208E8
249;0.0;2.208E8
250;1600000.0;2.224E8
251;0.0;2.224E8
252;1600000.0;2.24E8
253;1598400.0;2.255984E8
254;1600.0;2.256E8
255;1600000.0;2.272E8
256;0.0;2.272E8
257;1600000.0;2.288E8
258;0.0;2.288E8
259;1600000.0;2.304E8
260;0.0;2.304E8
261;1600000.0;2.32E8
262;1596800.0;2.335968E8
263;3200.0;2.336E8
264;1600000.0;2.352E8
265;0.0;2.352E8
266;1600000.0;2.368E8
267;0.0;2.368E8
268;1600000.0;2.384E8
269;0.0;2.384E8
270;1600000.0;2.4E8
271;1596800.0;2.415968E8
272;3200.0;2.416E8
273;1600000.0;2.432E8
274;0.0;2.432E8
275;1600000.0;2.448E8
276;0.0;2.448E8
277;1600000.0;2.464E8
278;0.0;2.464E8
279;1600000.0;2.48E8
280;1596800.0;2.495968E8
281;3200.0;2.496E8
282;1600000.0;2.512E8
283;0.0;2.512E8
284;1600000.0;2.528E8
285;0.0;2.528E8
286;1600000.0;2.544E8
287;0.0;2.544E8
288;1600000.0;2.56E8
289;1596800.0;2.575968E8
290;3200.0;2.576E8
291;1600000.0;2.592E8
292;0.0;2.592E8
293;1600000.0;2.608E8
294;0.0;2.608E8
295;1600000.0;2.624E8
296;0.0;2.624E8
297;1600000.0;2.64E8
298;1596800.0;2.655968E8
299;3200.0;2.656E8
300;1600000.0;2.672E8
301;0.0;2.672E8
302;1600000.0;2.688E8
303;0.0;2.688E8
304;1600000.0;2.704E8
305;0.0;2.704E8
306;1600000.0;2.72E8
307;1596800.0;2.735968E8
308;3200.0;2.736E8
309;1600000.0;2.752E8
310;0.0;2.752E8
311;1600000.0;2.768E8
312;0.0;2.768E8
313;1600000.0;2.784E8
314;0.0;2.784E8
315;1600000.0;2.8E8
316;1596800.0;2.815968E8
317;3200.0;2.816E8
318;1600000.0;2.832E8
319;0.0;2.832E8
320;1600000.0;2.848E8
321;0.0;2.848E8
322;1600000.0;2.864E8
323;0.0;2.864E8
324;1600000.0;2.88E8
325;1596800.0;2.895968E8
326;3200.0;2.896E8
327;1600000.0;2.912E8
328;0.0;2.912E8
329;1600000.0;2.928E8
330;0.0;2.928E8
331;1600000.0;2.944E8
332;0.0;2.944E8
333;1600000.0;2.96E8
334;1596800.0;2.975968E8
335;3200.0;2.976E8
336;1600000.0;2.992E8
337;0.0;2.992E8
338;1600000.0;3.008E8
339;0.0;3.008E8
340;1600000.0;3.024E8
341;0.0;3.024E8
342;1600000.0;3.04E8
343;1596800.0;3.055968E8
344;3200.0;3.056E8
345;1600000.0;3.072E8
346;0.0;3.072E8
347;1600000.0;3.088E8
348;0.0;3.088E8
349;1600000.0;3.104E8
350;0.0;3.104E8
351;1600000.0;3.12E8
352;1596800.0;3.135968E8
353;3200.0;3.136E8
354;1600000.0;3.152E8
355;0.0;3.152E8
356;1600000.0;3.168E8
357;0.0;3.168E8
358;1600000.0;3.184E8
359;0.0;3.184E8
360;1600000.0;3.2E8
361;1596800.0;3.215968E8
362;3200.0;3.216E8
363;1600000.0;3.232E8
364;0.0;3.232E8
365;1600000.0;3.248E8
366;0.0;3.248E8
367;1600000.0;3.264E8
368;0.0;3.264E8
369;1600000.0;3.28E8
370;1596800.0;3.295968E8
371;3200.0;3.296E8
372;1600000.0;3.312E8
373;0.0;3.312E8
374;1600000.0;3.328E8
375;0.0;3.328E8
376;1600000.0;3.344E8
377;0.0;3.344E8
378;1600000.0;3.36E8
379;1596800.0;3.375968E8
380;3200.0;3.376E8
381;1600000.0;3.392E8
382;0.0;3.392E8
383;1600000.0;3.408E8
384;0.0;3.408E8
385;1600000.0;3.424E8
386;0.0;3.424E8
387;1600000.0;3.44E8
388;1596800.0;3.455968E8
389;3200.0;3.456E8
390;1600000.0;3.472E8
391;0.0;3.472E8
392;1600000.0;3.488E8
393;0.0;3.488E8
394;1600000.0;3.504E8
395;0.0;3.504E8
396;1600000.0;3.52E8
397;1596800.0;3.535968E8
398;3200.0;3.536E8
399;1600000.0;3.552E8
400;0.0;3.552E8
401;1600000.0;3.568E8
402;0.0;3.568E8
403;1600000.0;3.584E8
404;0.0;3.584E8
405;1600000.0;3.6E8
406;1596800.0;3.615968E8
407;3200.0;3.616E8
408;1600000.0;3.632E8
409;0.0;3.632E8
410;1600000.0;3.648E8
411;0.0;3.648E8
412;1600000.0;3.664E8
413;0.0;3.664E8
414;1600000.0;3.68E8
415;1596800.0;3.695968E8
416;3200.0;3.696E8
417;1600000.0;3.712E8
418;0.0;3.712E8
419;1600000.0;3.728E8
420;0.0;3.728E8
421;1600000.0;3.744E8
422;0.0;3.744E8
423;1600000.0;3.76E8
424;1596800.0;3.775968E8
425;3200.0;3.776E8
426;1600000.0;3.792E8
427;0.0;3.792E8
428;1600000.0;3.808E8
429;0.0;3.808E8
430;1600000.0;3.824E8
431;0.0;3.824E8
432;1600000.0;3.84E8
433;1596800.0;3.855968E8
434;3200.0;3.856E8
435;1600000.0;3.872E8
436;0.0;3.872E8
437;1600000.0;3.888E8
438;0.0;3.888E8
439;1600000.0;3.904E8
440;0.0;3.904E8
441;1600000.0;3.92E8
442;1596800.0;3.935968E8
443;3200.0;3.936E8
444;1600000.0;3.952E8
445;0.0;3.952E8
446;1600000.0;3.968E8
447;0.0;3.968E8
448;1600000.0;3.984E8
449;0.0;3.984E8
450;1600000.0;4.0E8
451;1596800.0;4.015968E8
452;3200.0;4.016E8
453;1600000.0;4.032E8
454;0.0;4.032E8
455;1600000.0;4.048E8
456;0.0;4.048E8
457;1600000.0;4.064E8
458;0.0;4.064E8
459;1600000.0;4.08E8
460;1596800.0;4.095968E8
461;3200.0;4.096E8
462;1600000.0;4.112E8
463;0.0;4.112E8
464;1600000.0;4.128E8
465;0.0;4.128E8
466;1600000.0;4.144E8
467;0.0;4.144E8
468;1600000.0;4.16E8
469;1596800.0;4.175968E8
470;3200.0;4.176E8
471;1600000.0;4.192E8
472;0.0;4.192E8
473;1600000.0;4.208E8
474;0.0;4.208E8
475;1600000.0;4.224E8
476;0.0;4.224E8
477;1600000.0;4.24E8
478;1596800.0;4.255968E8
479;3200.0;4.256E8
480;1600000.0;4.272E8
481;0.0;4.272E8
482;1600000.0;4.288E8
483;0.0;4.288E8
484;1600000.0;4.304E8
485;0.0;4.304E8
486;1600000.0;4.32E8
487;1596800.0;4.335968E8
488;3200.0;4.336E8
489;1600000.0;4.352E8
490;0.0;4.352E8
491;1600000.0;4.368E8
492;0.0;4.368E8
493;1600000.0;4.384E8
494;0.0;4.384E8
495;1600000.0;4.4E8
496;1596800.0;4.415968E8
497;3200.0;4.416E8
498;1600000.0;4.432E8
499;0.0;4.432E8
500;1600000.0;4.448E8
501;0.0;4.448E8
502;1600000.0;4.464E8
503;0.0;4.464E8
504;1600000.0;4.48E8
505;1596800.0;4.495968E8
506;3200.0;4.496E8
507;1600000.0;4.512E8
508;0.0;4.512E8
509;1600000.0;4.528E8
510;0.0;4.528E8
511;1600000.0;4.544E8
512;0.0;4.544E8
513;1600000.0;4.56E8
514;1596800.0;4.575968E8
515;3200.0;4.576E8
516;1600000.0;4.592E8
517;0.0;4.592E8
518;1600000.0;4.608E8
519;0.0;4.608E8
520;1600000.0;4.624E8
521;0.0;4.624E8
522;1600000.0;4.64E8
523;1596800.0;4.655968E8
524;3200.0;4.656E8
525;1600000.0;4.672E8
526;0.0;4.672E8
527;1600000.0;4.688E8
528;0.0;4.688E8
529;1600000.0;4.704E8
530;0.0;4.704E8
531;1600000.0;4.72E8
532;1596800.0;4.735968E8
533;3200.0;4.736E8
534;1600000.0;4.752E8
535;0.0;4.752E8
536;1600000.0;4.768E8
537;0.0;4.768E8
538;1600000.0;4.784E8
539;0.0;4.784E8
540;1600000.0;4.8E8
541;1596800.0;4.815968E8
542;3200.0;4.816E8
543;1600000.0;4.832E8
544;0.0;4.832E8
545;1600000.0;4.848E8
546;0.0;4.848E8
547;1600000.0;4.864E8
548;0.0;4.864E8
549;1600000.0;4.88E8
550;1596800.0;4.895968E8
551;3200.0;4.896E8
552;1600000.0;4.912E8
553;0.0;4.912E8
554;1600000.0;4.928E8
555;0.0;4.928E8
556;1600000.0;4.944E8
557;0.0;4.944E8
558;1600000.0;4.96E8
559;1596800.0;4.975968E8
560;3200.0;4.976E8
561;1600000.0;4.992E8
562;0.0;4.992E8
563;1600000.0;5.008E8
564;0.0;5.008E8
565;1600000.0;5.024E8
566;0.0;5.024E8
567;1600000.0;5.04E8
568;1596800.0;5.055968E8
569;3200.0;5.056E8
570;1600000.0;5.072E8
571;0.0;5.072E8
572;1600000.0;5.088E8
573;0.0;5.088E8
574;1600000.0;5.104E8
575;0.0;5.104E8
576;1600000.0;5.12E8
577;1596800.0;5.135968E8
578;3200.0;5.136E8
579;1600000.0;5.152E8
580;0.0;5.152E8
581;1600000.0;5.168E8
582;0.0;5.168E8
583;1600000.0;5.184E8
584;0.0;5.184E8
585;1600000.0;5.2E8
586;1596800.0;5.215968E8
587;3200.0;5.216E8
588;1600000.0;5.232E8
589;0.0;5.232E8
590;1600000.0;5.248E8
591;0.0;5.248E8
592;1600000.0;5.264E8
593;0.0;5.264E8
594;1600000.0;5.28E8
595;1596800.0;5.295968E8
596;3200.0;5.296E8
597;1600000.0;5.312E8
598;0.0;5.312E8
599;1600000.0;5.328E8
600;0.0;5.328E8
601;1600000.0;5.344E8
602;0.0;5.344E8
603;1600000.0;5.36E8
604;1596800.0;5.375968E8
605;3200.0;5.376E8
606;1600000.0;5.392E8
607;0.0;5.392E8
608;1600000.0;5.408E8
609;0.0;5.408E8
610;1600000.0;5.424E8
611;0.0;5.424E8
612;1600000.0;5.44E8
613;1596800.0;5.455968E8
614;3200.0;5.456E8
615;1600000.0;5.472E8
616;0.0;5.472E8
617;1600000.0;5.488E8
618;0.0;5.488E8
619;1600000.0;5.504E8
620;0.0;5.504E8
621;1600000.0;5.52E8
622;1596800.0;5.535968E8
623;3200.0;5.536E8
624;1600000.0;5.552E8
625;0.0;5.552E8
626;1600000.0;5.568E8
627;0.0;5.568E8
628;1600000.0;5.584E8
629;0.0;5.584E8
630;1600000.0;5.6E8
631;1596800.0;5.615968E8
632;3200.0;5.616E8
633;1600000.0;5.632E8
634;0.0;5.632E8
635;1600000.0;5.648E8
636;0.0;5.648E8
637;1600000.0;5.664E8
638;0.0;5.664E8
639;1600000.0;5.68E8
640;1596800.0;5.695968E8
641;3200.0;5.696E8
642;1600000.0;5.712E8
643;0.0;5.712E8
644;1600000.0;5.728E8
645;0.0;5.728E8
646;1600000.0;5.744E8
647;0.0;5.744E8
648;1600000.0;5.76E8
649;1596800.0;5.775968E8
650;3200.0;5.776E8
651;1600000.0;5.792E8
652;0.0;5.792E8
653;1600000.0;5.808E8
654;0.0;5.808E8
655;1600000.0;5.824E8
656;0.0;5.824E8
657;1600000.0;5.84E8
658;1596800.0;5.855968E8
659;3200.0;5.856E8
660;1600000.0;5.872E8
661;0.0;5.872E8
662;1600000.0;5.888E8
663;0.0;5.888E8
664;1600000.0;5.904E8
665;0.0;5.904E8
666;1600000.0;5.92E8
667;1596800.0;5.935968E8
668;3200.0;5.936E8
669;1600000.0;5.952E8
670;0.0;5.952E8
671;1600000.0;5.968E8
672;0.0;5.968E8
673;1600000.0;5.984E8
674;0.0;5.984E8
675;1600000.0;6.0E8
676;1596800.0;6.015968E8
677;3200.0;6.016E8
678;1600000.0;6.032E8
679;0.0;6.032E8
680;1600000.0;6.048E8
681;0.0;6.048E8
682;1600000.0;6.064E8
683;0.0;6.064E8
684;1600000.0;6.08E8
685;1596800.0;6.095968E8
686;3200.0;6.096E8
687;1600000.0;6.112E8
688;0.0;6.112E8
689;1600000.0;6.128E8
690;0.0;6.128E8
691;1600000.0;6.144E8
692;0.0;6.144E8
693;1600000.0;6.16E8
694;1596800.0;6.175968E8
695;3200.0;6.176E8
696;1600000.0;6.192E8
697;0.0;6.192E8
698;1600000.0;6.208E8
699;0.0;6.208E8
700;1600000.0;6.224E8
701;0.0;6.224E8
702;1600000.0;6.24E8
703;1596800.0;6.255968E8
704;3200.0;6.256E8
705;1600000.0;6.272E8
706;0.0;6.272E8
707;1600000.0;6.288E8
708;0.0;6.288E8
709;1600000.0;6.304E8
710;0.0;6.304E8
711;1600000.0;6.32E8
712;1596800.0;6.335968E8
713;3200.0;6.336E8
714;1600000.0;6.352E8
715;0.0;6.352E8
716;1600000.0;6.368E8
717;0.0;6.368E8
718;1600000.0;6.384E8
719;0.0;6.384E8
720;1600000.0;6.4E8
721;1596800.0;6.415968E8
722;3200.0;6.416E8
723;1600000.0;6.432E8
724;0.0;6.432E8
725;1600000.0;6.448E8
726;0.0;6.448E8
727;1600000.0;6.464E8
728;0.0;6.464E8
729;1600000.0;6.48E8
730;1596800.0;6.495968E8
731;3200.0;6.496E8
732;1600000.0;6.512E8
733;0.0;6.512E8
734;1600000.0;6.528E8
735;0.0;6.528E8
736;1600000.0;6.544E8
737;0.0;6.544E8
738;1600000.0;6.56E8
739;1596800.0;6.575968E8
740;3200.0;6.576E8
741;1600000.0;6.592E8
742;0.0;6.592E8
743;1600000.0;6.608E8
744;0.0;6.608E8
745;1600000.0;6.624E8
746;0.0;6.624E8
747;1600000.0;6.64E8
748;1596800.0;6.655968E8
749;3200.0;6.656E8
750;1600000.0;6.672E8
751;0.0;6.672E8
752;1600000.0;6.688E8
753;0.0;6.688E8
754;1600000.0;6.704E8
755;0.0;6.704E8
756;1600000.0;6.72E8
757;1596800.0;6.735968E8
758;3200.0;6.736E8
759;1600000.0;6.752E8
760;0.0;6.752E8
761;1600000.0;6.768E8
762;0.0;6.768E8
763;1600000.0;6.784E8
764;0.0;6.784E8
765;1600000.0;6.8E8
766;1596800.0;6.815968E8
767;3200.0;6.816E8
768;1600000.0;6.832E8
769;0.0;6.832E8
770;1600000.0;6.848E8
771;0.0;6.848E8
772;1600000.0;6.864E8
773;0.0;6.864E8
774;1600000.0;6.88E8
775;1596800.0;6.895968E8
776;3200.0;6.896E8
777;1600000.0;6.912E8
778;0.0;6.912E8
779;1600000.0;6.928E8
780;0.0;6.928E8
781;1600000.0;6.944E8
782;0.0;6.944E8
783;1600000.0;6.96E8
784;1596800.0;6.975968E8
785;3200.0;6.976E8
786;1600000.0;6.992E8
787;0.0;6.992E8
788;1600000.0;7.008E8
789;0.0;7.008E8
790;1600000.0;7.024E8
791;0.0;7.024E8
792;1600000.0;7.04E8
793;1596800.0;7.055968E8
794;3200.0;7.056E8
795;1600000.0;7.072E8
796;0.0;7.072E8
797;1600000.0;7.088E8
798;0.0;7.088E8
799;1600000.0;7.104E8
800;0.0;7.104E8
801;1600000.0;7.12E8
802;1596800.0;7.135968E8
803;3200.0;7.136E8
804;1600000.0;7.152E8
805;0.0;7.152E8
806;1600000.0;7.168E8
807;0.0;7.168E8
808;1600000.0;7.184E8
809;0.0;7.184E8
810;1600000.0;7.2E8
811;1596800.0;7.215968E8
812;3200.0;7.216E8
813;1600000.0;7.232E8
814;0.0;7.232E8
815;1600000.0;7.248E8
816;0.0;7.248E8
817;1600000.0;7.264E8
818;0.0;7.264E8
819;1600000.0;7.28E8
820;1596800.0;7.295968E8
821;3200.0;7.296E8
822;1600000.0;7.312E8
823;0.0;7.312E8
824;1600000.0;7.328E8
825;0.0;7.328E8
826;1600000.0;7.344E8
827;0.0;7.344E8
828;1600000.0;7.36E8
829;1596800.0;7.375968E8
830;3200.0;7.376E8
831;1600000.0;7.392E8
832;0.0;7.392E8
833;1600000.0;7.408E8
834;0.0;7.408E8
835;1600000.0;7.424E8
836;0.0;7.424E8
837;1600000.0;7.44E8
838;1596800.0;7.455968E8
839;3200.0;7.456E8
840;1600000.0;7.472E8
841;0.0;7.472E8
842;1600000.0;7.488E8
843;0.0;7.488E8
844;1600000.0;7.504E8
845;0.0;7.504E8
846;1600000.0;7.52E8
847;1596800.0;7.535968E8
848;3200.0;7.536E8
849;1600000.0;7.552E8
850;0.0;7.552E8
851;1600000.0;7.568E8
852;0.0;7.568E8
853;1600000.0;7.584E8
854;0.0;7.584E8
855;1600000.0;7.6E8
856;1596800.0;7.615968E8
857;3200.0;7.616E8
858;1600000.0;7.632E8
859;0.0;7.632E8
860;1600000.0;7.648E8
861;0.0;7.648E8
862;1600000.0;7.664E8
863;0.0;7.664E8
864;1600000.0;7.68E8
865;1596800.0;7.695968E8
866;3200.0;7.696E8
867;1600000.0;7.712E8
868;0.0;7.712E8
869;1600000.0;7.728E8
870;0.0;7.728E8
871;1600000.0;7.744E8
872;0.0;7.744E8
873;1600000.0;7.76E8
874;1596800.0;7.775968E8
875;3200.0;7.776E8
876;1600000.0;7.792E8
877;0.0;7.792E8
878;1600000.0;7.808E8
879;0.0;7.808E8
880;1600000.0;7.824E8
881;0.0;7.824E8
882;1600000.0;7.84E8
883;1596800.0;7.855968E8
884;3200.0;7.856E8
885;1600000.0;7.872E8
886;0.0;7.872E8
887;1600000.0;7.888E8
888;0.0;7.888E8
889;1600000.0;7.904E8
890;0.0;7.904E8
891;1600000.0;7.92E8
892;1596800.0;7.935968E8
893;3200.0;7.936E8
894;1600000.0;7.952E8
895;0.0;7.952E8
896;1600000.0;7.968E8
897;0.0;7.968E8
898;1600000.0;7.984E8
899;0.0;7.984E8
900;1600000.0;8.0E8
901;1596800.0;8.015968E8
902;3200.0;8.016E8
903;1600000.0;8.032E8
904;0.0;8.032E8
905;1600000.0;8.048E8
906;0.0;8.048E8
907;1600000.0;8.064E8
908;0.0;8.064E8
909;1600000.0;8.08E8
910;1596800.0;8.095968E8
911;3200.0;8.096E8
912;1600000.0;8.112E8
913;0.0;8.112E8
914;1600000.0;8.128E8
915;0.0;8.128E8
916;1600000.0;8.144E8
917;0.0;8.144E8
918;1600000.0;8.16E8
919;1596800.0;8.175968E8
920;3200.0;8.176E8
921;1600000.0;8.192E8
922;0.0;8.192E8
923;1600000.0;8.208E8
924;0.0;8.208E8
925;1600000.0;8.224E8
926;0.0;8.224E8
927;1600000.0;8.24E8
928;1596800.0;8.255968E8
929;3200.0;8.256E8
930;1600000.0;8.272E8
931;0.0;8.272E8
932;1600000.0;8.288E8
933;0.0;8.288E8
934;1600000.0;8.304E8
935;0.0;8.304E8
936;1600000.0;8.32E8
937;1596800.0;8.335968E8
938;3200.0;8.336E8
939;1600000.0;8.352E8
940;0.0;8.352E8
941;1600000.0;8.368E8
942;0.0;8.368E8
943;1600000.0;8.384E8
944;0.0;8.384E8
945;1600000.0;8.4E8
946;1596800.0;8.415968E8
947;3200.0;8.416E8
948;1600000.0;8.432E8
949;0.0;8.432E8
950;1600000.0;8.448E8
951;0.0;8.448E8
952;1600000.0;8.464E8
953;0.0;8.464E8
954;1600000.0;8.48E8
955;1596800.0;8.495968E8
956;3200.0;8.496E8
957;1600000.0;8.512E8
958;0.0;8.512E8
959;1600000.0;8.528E8
960;0.0;8.528E8
961;1600000.0;8.544E8
962;0.0;8.544E8
963;1600000.0;8.56E8
964;1596800.0;8.575968E8
965;3200.0;8.576E8
966;1600000.0;8.592E8
967;0.0;8.592E8
968;1600000.0;8.608E8
969;0.0;8.608E8
970;1600000.0;8.624E8
971;0.0;8.624E8
972;1600000.0;8.64E8
973;1596800.0;8.655968E8
974;3200.0;8.656E8
975;1600000.0;8.672E8
976;0.0;8.672E8
977;1600000.0;8.688E8
978;0.0;8.688E8
979;1600000.0;8.704E8
980;0.0;8.704E8
981;1600000.0;8.72E8
982;1596800.0;8.735968E8
983;3200.0;8.736E8
984;1600000.0;8.752E8
985;0.0;8.752E8
986;1600000.0;8.768E8
987;0.0;8.768E8
988;1600000.0;8.784E8
989;0.0;8.784E8
990;1600000.0;8.8E8
991;1596800.0;8.815968E8
992;3200.0;8.816E8
993;1600000.0;8.832E8
994;0.0;8.832E8
995;1600000.0;8.848E8
996;0.0;8.848E8
997;1600000.0;8.864E8
998;0.0;8.864E8
999;1600000.0;8.88E8
1000;1596800.0;8.895968E8
1001;3200.0;8.896E8
1002;1600000.0;8.912E8
1003;0.0;8.912E8
1004;1600000.0;8.928E8
1005;0.0;8.928E8
1006;1600000.0;8.944E8
1007;0.0;8.944E8
1008;1600000.0;8.96E8
1009;1596800.0;8.975968E8
1010;3200.0;8.976E8
1011;1600000.0;8.992E8
1012;0.0;8.992E8
1013;1600000.0;9.008E8
1014;0.0;9.008E8
1015;1600000.0;9.024E8
1016;0.0;9.024E8
1017;1600000.0;9.04E8
1018;1596800.0;9.055968E8
1019;3200.0;9.056E8
1020;1600000.0;9.072E8
1021;0.0;9.072E8
1022;1600000.0;9.088E8
1023;0.0;9.088E8
1024;1598400.0;9.103984E8
1025;1600.0;9.104E8
1026;1600000.0;9.12E8
1027;1596800.0;9.135968E8
1028;3200.0;9.136E8
1029;1600000.0;9.152E8
1030;0.0;9.152E8
1031;1600000.0;9.168E8
1032;0.0;9.168E8
1033;1600000.0;9.184E8
1034;0.0;9.184E8
1035;1600000.0;9.2E8
1036;1596800.0;9.215968E8
1037;3200.0;9.216E8
1038;1600000.0;9.232E8
1039;0.0;9.232E8
1040;1600000.0;9.248E8
1041;0.0;9.248E8
1042;1600000.0;9.264E8
1043;0.0;9.264E8
1044;1600000.0;9.28E8
1045;1596800.0;9.295968E8
1046;3200.0;9.296E8
1047;1600000.0;9.312E8
1048;0.0;9.312E8
1049;1600000.0;9.328E8
1050;0.0;9.328E8
1051;1600000.0;9.344E8
1052;0.0;9.344E8
1053;1600000.0;9.36E8
1054;1596800.0;9.375968E8
1055;3200.0;9.376E8
1056;1600000.0;9.392E8
1057;0.0;9.392E8
1058;1600000.0;9.408E8
1059;0.0;9.408E8
1060;1600000.0;9.424E8
1061;0.0;9.424E8
1062;1600000.0;9.44E8
1063;1596800.0;9.455968E8
1064;3200.0;9.456E8
1065;1600000.0;9.472E8
1066;0.0;9.472E8
1067;1600000.0;9.488E8
1068;0.0;9.488E8
1069;1600000.0;9.504E8
1070;0.0;9.504E8
1071;1600000.0;9.52E8
1072;1596800.0;9.535968E8
1073;3200.0;9.536E8
1074;1600000.0;9.552E8
1075;0.0;9.552E8
1076;1600000.0;9.568E8
1077;0.0;9.568E8
1078;1600000.0;9.584E8
1079;0.0;9.584E8
1080;1600000.0;9.6E8
1081;1596800.0;9.615968E8
1082;3200.0;9.616E8
1083;1600000.0;9.632E8
1084;0.0;9.632E8
1085;1600000.0;9.648E8
1086;0.0;9.648E8
1087;1600000.0;9.664E8
1088;0.0;9.664E8
1089;1600000.0;9.68E8
1090;1596800.0;9.695968E8
1091;3200.0;9.696E8
1092;1600000.0;9.712E8
1093;0.0;9.712E8
1094;1600000.0;9.728E8
1095;0.0;9.728E8
1096;1600000.0;9.744E8
1097;0.0;9.744E8
1098;1600000.0;9.76E8
1099;1596800.0;9.775968E8
1100;3200.0;9.776E8
1101;1600000.0;9.792E8
1102;0.0;9.792E8
1103;1600000.0;9.808E8
1104;0.0;9.808E8
1105;1600000.0;9.824E8
1106;0.0;9.824E8
1107;1600000.0;9.84E8
1108;1596800.0;9.855968E8
1109;3200.0;9.856E8
1110;1600000.0;9.872E8
1111;0.0;9.872E8
1112;1600000.0;9.888E8
1113;0.0;9.888E8
1114;1600000.0;9.904E8
1115;0.0;9.904E8
1116;1600000.0;9.92E8
1117;1596800.0;9.935968E8
1118;3200.0;9.936E8
1119;1600000.0;9.952E8
1120;0.0;9.952E8
1121;1600000.0;9.968E8
1122;0.0;9.968E8
1123;1600000.0;9.984E8
1124;0.0;9.984E8
1125;1600000.0;1.0E9
1126;1596800.0;1.0015968E9
1127;3200.0;1.0016E9
1128;1600000.0;1.0032E9
1129;0.0;1.0032E9
1130;1600000.0;1.0048E9
1131;0.0;1.0048E9
1132;1600000.0;1.0064E9
1133;0.0;1.0064E9
1134;1600000.0;1.008E9
1135;1596800.0;1.0095968E9
1136;3200.0;1.0096E9
1137;1600000.0;1.0112E9
1138;0.0;1.0112E9
1139;1600000.0;1.0128E9
1140;0.0;1.0128E9
1141;1600000.0;1.0144E9
1142;0.0;1.0144E9
1143;1600000.0;1.016E9
1144;1596800.0;1.0175968E9
1145;3200.0;1.0176E9
1146;1600000.0;1.0192E9
1147;0.0;1.0192E9
1148;1600000.0;1.0208E9
1149;0.0;1.0208E9
1150;1600000.0;1.0224E9
1151;0.0;1.0224E9
1152;1600000.0;1.024E9
1153;1596800.0;1.0255968E9
1154;3200.0;1.0256E9
1155;1600000.0;1.0272E9
1156;0.0;1.0272E9
1157;1600000.0;1.0288E9
1158;0.0;1.0288E9
1159;1600000.0;1.0304E9
1160;0.0;1.0304E9
1161;1600000.0;1.032E9
1162;1596800.0;1.0335968E9
1163;3200.0;1.0336E9
1164;1600000.0;1.0352E9
1165;0.0;1.0352E9
1166;1600000.0;1.0368E9
1167;0.0;1.0368E9
1168;1600000.0;1.0384E9
1169;0.0;1.0384E9
1170;1600000.0;1.04E9
1171;1596800.0;1.0415968E9
1172;3200.0;1.0416E9
1173;1600000.0;1.0432E9
1174;0.0;1.0432E9
1175;1600000.0;1.0448E9
1176;0.0;1.0448E9
1177;1600000.0;1.0464E9
1178;0.0;1.0464E9
1179;1600000.0;1.048E9
1180;1596800.0;1.0495968E9
1181;3200.0;1.0496E9
1182;1600000.0;1.0512E9
1183;0.0;1.0512E9
1184;1600000.0;1.0528E9
1185;0.0;1.0528E9
1186;1600000.0;1.0544E9
1187;0.0;1.0544E9
1188;1600000.0;1.056E9
1189;1596800.0;1.0575968E9
1190;3200.0;1.0576E9
1191;1600000.0;1.0592E9
1192;0.0;1.0592E9
1193;1600000.0;1.0608E9
1194;0.0;1.0608E9
1195;1600000.0;1.0624E9
1196;0.0;1.0624E9
1197;1600000.0;1.064E9
1198;1596800.0;1.0655968E9
1199;3200.0;1.0656E9
1200;1600000.0;1.0672E9
1201;0.0;1.0672E9
1202;1600000.0;1.0688E9
1203;0.0;1.0688E9
1204;1600000.0;1.0704E9
1205;0.0;1.0704E9
1206;1600000.0;1.072E9
1207;1596800.0;1.0735968E9
1208;3200.0;1.0736E9
1209;1600000.0;1.0752E9
1210;0.0;1.0752E9
1211;1600000.0;1.0768E9
1212;0.0;1.0768E9
1213;1600000.0;1.0784E9
1214;0.0;1.0784E9
1215;1600000.0;1.08E9
1216;1596800.0;1.0815968E9
1217;3200.0;1.0816E9
1218;1600000.0;1.0832E9
1219;0.0;1.0832E9
1220;1600000.0;1.0848E9
1221;0.0;1.0848E9
1222;1600000.0;1.0864E9
1223;0.0;1.0864E9
1224;1600000.0;1.088E9
1225;1596800.0;1.0895968E9
1226;3200.0;1.0896E9
1227;1600000.0;1.0912E9
1228;0.0;1.0912E9
1229;1600000.0;1.0928E9
1230;0.0;1.0928E9
1231;1600000.0;1.0944E9
1232;0.0;1.0944E9
1233;1600000.0;1.096E9
1234;1596800.0;1.0975968E9
1235;3200.0;1.0976E9
1236;1600000.0;1.0992E9
1237;0.0;1.0992E9
1238;1600000.0;1.1008E9
1239;0.0;1.1008E9
1240;1600000.0;1.1024E9
1241;0.0;1.1024E9
1242;1600000.0;1.104E9
1243;1596800.0;1.1055968E9
1244;3200.0;1.1056E9
1245;1600000.0;1.1072E9
1246;0.0;1.1072E9
1247;1600000.0;1.1088E9
1248;0.0;1.1088E9
1249;1600000.0;1.1104E9
1250;0.0;1.1104E9
1251;1600000.0;1.112E9
1252;1596800.0;1.1135968E9
1253;3200.0;1.1136E9
1254;1600000.0;1.1152E9
1255;0.0;1.1152E9
1256;1600000.0;1.1168E9
1257;0.0;1.1168E9
1258;1600000.0;1.1184E9
1259;0.0;1.1184E9
1260;1600000.0;1.12E9
1261;1596800.0;1.1215968E9
1262;3200.0;1.1216E9
1263;1600000.0;1.1232E9
1264;0.0;1.1232E9
1265;1600000.0;1.1248E9
1266;0.0;1.1248E9
1267;1600000.0;1.1264E9
1268;0.0;1.1264E9
1269;1600000.0;1.128E9
1270;1596800.0;1.1295968E9
1271;3200.0;1.1296E9
1272;1600000.0;1.1312E9
1273;0.0;1.1312E9
1274;1600000.0;1.1328E9
1275;0.0;1.1328E9
1276;1600000.0;1.1344E9
1277;0.0;1.1344E9
1278;1600000.0;1.136E9
1279;1596800.0;1.1375968E9
1280;3200.0;1.1376E9
1281;1600000.0;1.1392E9
1282;0.0;1.1392E9
1283;1600000.0;1.1408E9
1284;0.0;1.1408E9
1285;1600000.0;1.1424E9
1286;0.0;1.1424E9
1287;1600000.0;1.144E9
1288;1596800.0;1.1455968E9
1289;3200.0;1.1456E9
1290;1600000.0;1.1472E9
1291;0.0;1.1472E9
1292;1600000.0;1.1488E9
1293;0.0;1.1488E9
1294;1600000.0;1.1504E9
1295;0.0;1.1504E9
1296;1600000.0;1.152E9
1297;1596800.0;1.1535968E9
1298;3200.0;1.1536E9
1299;1600000.0;1.1552E9
1300;0.0;1.1552E9
1301;1600000.0;1.1568E9
1302;0.0;1.1568E9
1303;1600000.0;1.1584E9
1304;0.0;1.1584E9
1305;1600000.0;1.16E9
1306;1596800.0;1.1615968E9
1307;3200.0;1.1616E9
1308;1600000.0;1.1632E9
1309;0.0;1.1632E9
1310;1600000.0;1.1648E9
1311;0.0;1.1648E9
1312;1600000.0;1.1664E9
1313;0.0;1.1664E9
1314;1600000.0;1.168E9
1315;1596800.0;1.1695968E9
1316;3200.0;1.1696E9
1317;1600000.0;1.1712E9
1318;0.0;1.1712E9
1319;1600000.0;1.1728E9
1320;0.0;1.1728E9
1321;1600000.0;1.1744E9
1322;0.0;1.1744E9
1323;1600000.0;1.176E9
1324;1596800.0;1.1775968E9
1325;3200.0;1.1776E9
1326;1600000.0;1.1792E9
1327;0.0;1.1792E9
1328;1600000.0;1.1808E9
1329;0.0;1.1808E9
1330;1600000.0;1.1824E9
1331;0.0;1.1824E9
1332;1600000.0;1.184E9
1333;1596800.0;1.1855968E9
1334;3200.0;1.1856E9
1335;1600000.0;1.1872E9
1336;0.0;1.1872E9
1337;1600000.0;1.1888E9
1338;0.0;1.1888E9
1339;1600000.0;1.1904E9
1340;0.0;1.1904E9
1341;1600000.0;1.192E9
1342;1596800.0;1.1935968E9
1343;3200.0;1.1936E9
1344;1600000.0;1.1952E9
1345;0.0;1.1952E9
1346;1600000.0;1.1968E9
1347;0.0;1.1968E9
1348;1600000.0;1.1984E9
1349;0.0;1.1984E9
1350;1600000.0;1.2E9
1351;1596800.0;1.2015968E9
1352;3200.0;1.2016E9
1353;1600000.0;1.2032E9
1354;0.0;1.2032E9
1355;1600000.0;1.2048E9
1356;0.0;1.2048E9
1357;1600000.0;1.2064E9
1358;0.0;1.2064E9
1359;1600000.0;1.208E9
1360;1596800.0;1.2095968E9
1361;3200.0;1.2096E9
1362;1600000.0;1.2112E9
1363;0.0;1.2112E9
1364;1600000.0;1.2128E9
1365;0.0;1.2128E9
1366;1600000.0;1.2144E9
1367;0.0;1.2144E9
1368;1600000.0;1.216E9
1369;1596800.0;1.2175968E9
1370;3200.0;1.2176E9
1371;1600000.0;1.2192E9
1372;0.0;1.2192E9
1373;1600000.0;1.2208E9
1374;0.0;1.2208E9
1375;1600000.0;1.2224E9
1376;0.0;1.2224E9
1377;1600000.0;1.224E9
1378;1596800.0;1.2255968E9
1379;3200.0;1.2256E9
1380;1600000.0;1.2272E9
1381;0.0;1.2272E9
1382;1600000.0;1.2288E9
1383;0.0;1.2288E9
1384;1600000.0;1.2304E9
1385;0.0;1.2304E9
1386;1600000.0;1.232E9
1387;1596800.0;1.2335968E9
1388;3200.0;1.2336E9
1389;1600000.0;1.2352E9
1390;0.0;1.2352E9
1391;1600000.0;1.2368E9
1392;0.0;1.2368E9
1393;1600000.0;1.2384E9
1394;0.0;1.2384E9
1395;1600000.0;1.24E9
1396;1596800.0;1.2415968E9
1397;3200.0;1.2416E9
1398;1600000.0;1.2432E9
1399;0.0;1.2432E9
1400;1600000.0;1.2448E9
1401;0.0;1.2448E9
1402;1600000.0;1.2464E9
1403;0.0;1.2464E9
1404;1600000.0;1.248E9
1405;1596800.0;1.2495968E9
1406;3200.0;1.2496E9
1407;1600000.0;1.2512E9
1408;0.0;1.2512E9
1409;1600000.0;1.2528E9
1410;0.0;1.2528E9
1411;1600000.0;1.2544E9
1412;0.0;1.2544E9
1413;1600000.0;1.256E9
1414;1596800.0;1.2575968E9
1415;3200.0;1.2576E9
1416;1600000.0;1.2592E9
1417;0.0;1.2592E9
1418;1600000.0;1.2608E9
1419;0.0;1.2608E9
1420;1600000.0;1.2624E9
1421;0.0;1.2624E9
1422;1600000.0;1.264E9
1423;1596800.0;1.2655968E9
1424;3200.0;1.2656E9
1425;1600000.0;1.2672E9
1426;0.0;1.2672E9
1427;1600000.0;1.2688E9
1428;0.0;1.2688E9
1429;1600000.0;1.2704E9
1430;0.0;1.2704E9
1431;1600000.0;1.272E9
1432;1596800.0;1.2735968E9
1433;3200.0;1.2736E9
1434;1600000.0;1.2752E9
1435;0.0;1.2752E9
1436;1600000.0;1.2768E9
1437;0.0;1.2768E9
1438;1600000.0;1.2784E9
1439;0.0;1.2784E9
1440;1600000.0;1.28E9
1441;1596800.0;1.2815968E9
1442;3200.0;1.2816E9
1443;1600000.0;1.2832E9
1444;0.0;1.2832E9
1445;1600000.0;1.2848E9
1446;0.0;1.2848E9
1447;1600000.0;1.2864E9
1448;0.0;1.2864E9
1449;1600000.0;1.288E9
1450;1596800.0;1.2895968E9
1451;3200.0;1.2896E9
1452;1600000.0;1.2912E9
1453;0.0;1.2912E9
1454;1600000.0;1.2928E9
1455;0.0;1.2928E9
1456;1600000.0;1.2944E9
1457;0.0;1.2944E9
1458;1600000.0;1.296E9
1459;1596800.0;1.2975968E9
1460;3200.0;1.2976E9
1461;1600000.0;1.2992E9
1462;0.0;1.2992E9
1463;1600000.0;1.3008E9
1464;0.0;1.3008E9
1465;1600000.0;1.3024E9
1466;0.0;1.3024E9
1467;1600000.0;1.304E9
1468;1596800.0;1.3055968E9
1469;3200.0;1.3056E9
1470;1600000.0;1.3072E9
1471;0.0;1.3072E9
1472;1600000.0;1.3088E9
1473;0.0;1.3088E9
1474;1600000.0;1.3104E9
1475;0.0;1.3104E9
1476;1600000.0;1.312E9
1477;1596800.0;1.3135968E9
1478;3200.0;1.3136E9
1479;1600000.0;1.3152E9
1480;0.0;1.3152E9
1481;1600000.0;1.3168E9
1482;0.0;1.3168E9
1483;1600000.0;1.3184E9
1484;0.0;1.3184E9
1485;1600000.0;1.32E9
1486;1596800.0;1.3215968E9
1487;3200.0;1.3216E9
1488;1600000.0;1.3232E9
1489;0.0;1.3232E9
1490;1600000.0;1.3248E9
1491;0.0;1.3248E9
1492;1600000.0;1.3264E9
1493;0.0;1.3264E9
1494;1600000.0;1.328E9
1495;1596800.0;1.3295968E9
1496;3200.0;1.3296E9
1497;1600000.0;1.3312E9
1498;0.0;1.3312E9
1499;1600000.0;1.3328E9
1500;0.0;1.3328E9
1501;1600000.0;1.3344E9
1502;0.0;1.3344E9
1503;1600000.0;1.336E9
1504;1596800.0;1.3375968E9
1505;3200.0;1.3376E9
1506;1600000.0;1.3392E9
1507;0.0;1.3392E9
1508;1600000.0;1.3408E9
1509;0.0;1.3408E9
1510;1600000.0;1.3424E9
1511;0.0;1.3424E9
1512;1600000.0;1.344E9
1513;1596800.0;1.3455968E9
1514;3200.0;1.3456E9
1515;1600000.0;1.3472E9
1516;0.0;1.3472E9
1517;1600000.0;1.3488E9
1518;0.0;1.3488E9
1519;1600000.0;1.3504E9
1520;0.0;1.3504E9
1521;1600000.0;1.352E9
1522;1596800.0;1.3535968E9
1523;3200.0;1.3536E9
1524;1600000.0;1.3552E9
1525;0.0;1.3552E9
1526;1600000.0;1.3568E9
1527;0.0;1.3568E9
1528;1600000.0;1.3584E9
1529;0.0;1.3584E9
1530;1600000.0;1.36E9
1531;1596800.0;1.3615968E9
1532;3200.0;1.3616E9
1533;1600000.0;1.3632E9
1534;0.0;1.3632E9
1535;1600000.0;1.3648E9
1536;0.0;1.3648E9
1537;1600000.0;1.3664E9
1538;0.0;1.3664E9
1539;1600000.0;1.368E9
1540;1596800.0;1.3695968E9
1541;3200.0;1.3696E9
1542;1600000.0;1.3712E9
1543;0.0;1.3712E9
1544;1600000.0;1.3728E9
1545;0.0;1.3728E9
1546;1600000.0;1.3744E9
1547;0.0;1.3744E9
1548;1600000.0;1.376E9
1549;1596800.0;1.3775968E9
1550;3200.0;1.3776E9
1551;1600000.0;1.3792E9
1552;0.0;1.3792E9
1553;1600000.0;1.3808E9
1554;0.0;1.3808E9
1555;1600000.0;1.3824E9
1556;0.0;1.3824E9
1557;1600000.0;1.384E9
1558;1596800.0;1.3855968E9
1559;3200.0;1.3856E9
1560;1600000.0;1.3872E9
1561;0.0;1.3872E9
1562;1600000.0;1.3888E9
1563;0.0;1.3888E9
1564;1600000.0;1.3904E9
1565;0.0;1.3904E9
1566;1600000.0;1.392E9
1567;1596800.0;1.3935968E9
1568;3200.0;1.3936E9
1569;1600000.0;1.3952E9
1570;0.0;1.3952E9
1571;1600000.0;1.3968E9
1572;0.0;1.3968E9
1573;1600000.0;1.3984E9
1574;0.0;1.3984E9
1575;1600000.0;1.4E9
1576;1596800.0;1.4015968E9
1577;3200.0;1.4016E9
1578;1600000.0;1.4032E9
1579;0.0;1.4032E9
1580;1600000.0;1.4048E9
1581;0.0;1.4048E9
1582;1600000.0;1.4064E9
1583;0.0;1.4064E9
1584;1600000.0;1.408E9
1585;1596800.0;1.4095968E9
1586;3200.0;1.4096E9
1587;1600000.0;1.4112E9
1588;0.0;1.4112E9
1589;1600000.0;1.4128E9
1590;0.0;1.4128E9
1591;1600000.0;1.4144E9
1592;0.0;1.4144E9
1593;1600000.0;1.416E9
1594;1596800.0;1.4175968E9
1595;3200.0;1.4176E9
1596;1600000.0;1.4192E9
1597;0.0;1.4192E9
1598;1600000.0;1.4208E9
1599;0.0;1.4208E9
1600;1600000.0;1.4224E9
1601;0.0;1.4224E9
1602;1600000.0;1.424E9
1603;1596800.0;1.4255968E9
1604;3200.0;1.4256E9
1605;1600000.0;1.4272E9
1606;0.0;1.4272E9
1607;1600000.0;1.4288E9
1608;0.0;1.4288E9
1609;1600000.0;1.4304E9
1610;0.0;1.4304E9
1611;1600000.0;1.432E9
1612;1596800.0;1.4335968E9
1613;3200.0;1.4336E9
1614;1600000.0;1.4352E9
1615;0.0;1.4352E9
1616;1600000.0;1.4368E9
1617;0.0;1.4368E9
1618;1600000.0;1.4384E9
1619;0.0;1.4384E9
1620;1600000.0;1.44E9
1621;1596800.0;1.4415968E9
1622;3200.0;1.4416E9
1623;1600000.0;1.4432E9
1624;0.0;1.4432E9
1625;1600000.0;1.4448E9
1626;0.0;1.4448E9
1627;1600000.0;1.4464E9
1628;0.0;1.4464E9
1629;1600000.0;1.448E9
1630;1596800.0;1.4495968E9
1631;3200.0;1.4496E9
1632;1600000.0;1.4512E9
1633;0.0;1.4512E9
1634;1600000.0;1.4528E9
1635;0.0;1.4528E9
1636;1600000.0;1.4544E9
1637;0.0;1.4544E9
1638;1600000.0;1.456E9
1639;1596800.0;1.4575968E9
1640;3200.0;1.4576E9
1641;1600000.0;1.4592E9
1642;0.0;1.4592E9
1643;1600000.0;1.4608E9
1644;0.0;1.4608E9
1645;1600000.0;1.4624E9
1646;0.0;1.4624E9
1647;1600000.0;1.464E9
1648;1596800.0;1.4655968E9
1649;3200.0;1.4656E9
1650;1600000.0;1.4672E9
1651;0.0;1.4672E9
1652;1600000.0;1.4688E9
1653;0.0;1.4688E9
1654;1600000.0;1.4704E9
1655;0.0;1.4704E9
1656;1600000.0;1.472E9
1657;1596800.0;1.4735968E9
1658;3200.0;1.4736E9
1659;1600000.0;1.4752E9
1660;0.0;1.4752E9
1661;1600000.0;1.4768E9
1662;0.0;1.4768E9
1663;1600000.0;1.4784E9
1664;0.0;1.4784E9
1665;1600000.0;1.48E9
1666;1596800.0;1.4815968E9
1667;3200.0;1.4816E9
1668;1600000.0;1.4832E9
1669;0.0;1.4832E9
1670;1600000.0;1.4848E9
1671;0.0;1.4848E9
1672;1600000.0;1.4864E9
1673;0.0;1.4864E9
1674;1600000.0;1.488E9
1675;1596800.0;1.4895968E9
1676;3200.0;1.4896E9
1677;1600000.0;1.4912E9
1678;0.0;1.4912E9
1679;1600000.0;1.4928E9
1680;0.0;1.4928E9
1681;1600000.0;1.4944E9
1682;0.0;1.4944E9
1683;1600000.0;1.496E9
1684;1596800.0;1.4975968E9
1685;3200.0;1.4976E9
1686;1600000.0;1.4992E9
1687;0.0;1.4992E9
1688;1600000.0;1.5008E9
1689;0.0;1.5008E9
1690;1600000.0;1.5024E9
1691;0.0;1.5024E9
1692;1600000.0;1.504E9
1693;1596800.0;1.5055968E9
1694;3200.0;1.5056E9
1695;1600000.0;1.5072E9
1696;0.0;1.5072E9
1697;1600000.0;1.5088E9
1698;0.0;1.5088E9
1699;1600000.0;1.5104E9
1700;0.0;1.5104E9
1701;1600000.0;1.512E9
1702;1596800.0;1.5135968E9
1703;3200.0;1.5136E9
1704;1600000.0;1.5152E9
1705;0.0;1.5152E9
1706;1600000.0;1.5168E9
1707;0.0;1.5168E9
1708;1600000.0;1.5184E9
1709;0.0;1.5184E9
1710;1600000.0;1.52E9
1711;1596800.0;1.5215968E9
1712;3200.0;1.5216E9
1713;1600000.0;1.5232E9
1714;0.0;1.5232E9
1715;1600000.0;1.5248E9
1716;0.0;1.5248E9
1717;1600000.0;1.5264E9
1718;0.0;1.5264E9
1719;1600000.0;1.528E9
1720;1596800.0;1.5295968E9
1721;3200.0;1.5296E9
1722;1600000.0;1.5312E9
1723;0.0;1.5312E9
1724;1600000.0;1.5328E9
1725;0.0;1.5328E9
1726;1600000.0;1.5344E9
1727;0.0;1.5344E9
1728;1600000.0;1.536E9
1729;1596800.0;1.5375968E9
1730;3200.0;1.5376E9
1731;1600000.0;1.5392E9
1732;0.0;1.5392E9
1733;1600000.0;1.5408E9
1734;0.0;1.5408E9
1735;1600000.0;1.5424E9
1736;0.0;1.5424E9
1737;1600000.0;1.544E9
1738;1596800.0;1.5455968E9
1739;3200.0;1.5456E9
1740;1600000.0;1.5472E9
1741;0.0;1.5472E9
1742;1600000.0;1.5488E9
1743;0.0;1.5488E9
1744;1600000.0;1.5504E9
1745;0.0;1.5504E9
1746;1600000.0;1.552E9
1747;1596800.0;1.5535968E9
1748;3200.0;1.5536E9
1749;1600000.0;1.5552E9
1750;0.0;1.5552E9
1751;1600000.0;1.5568E9
1752;0.0;1.5568E9
1753;1600000.0;1.5584E9
1754;0.0;1.5584E9
1755;1600000.0;1.56E9
1756;1596800.0;1.5615968E9
1757;3200.0;1.5616E9
1758;1600000.0;1.5632E9
1759;0.0;1.5632E9
1760;1600000.0;1.5648E9
1761;0.0;1.5648E9
1762;1600000.0;1.5664E9
1763;0.0;1.5664E9
1764;1600000.0;1.568E9
1765;1596800.0;1.5695968E9
1766;3200.0;1.5696E9
1767;1600000.0;1.5712E9
1768;0.0;1.5712E9
1769;1600000.0;1.5728E9
1770;0.0;1.5728E9
1771;1600000.0;1.5744E9
1772;0.0;1.5744E9
1773;1600000.0;1.576E9
1774;1596800.0;1.5775968E9
1775;3200.0;1.5776E9
1776;1600000.0;1.5792E9
1777;0.0;1.5792E9
1778;1600000.0;1.5808E9
1779;0.0;1.5808E9
1780;1600000.0;1.5824E9
1781;0.0;1.5824E9
1782;1600000.0;1.584E9
1783;1596800.0;1.5855968E9
1784;3200.0;1.5856E9
1785;1600000.0;1.5872E9
1786;0.0;1.5872E9
1787;1600000.0;1.5888E9
1788;0.0;1.5888E9
1789;1600000.0;1.5904E9
1790;0.0;1.5904E9
1791;1600000.0;1.592E9
1792;1596800.0;1.5935968E9
1793;3200.0;1.5936E9
1794;1600000.0;1.5952E9
1795;0.0;1.5952E9
1796;1600000.0;1.5968E9
1797;0.0;1.5968E9
1798;1600000.0;1.5984E9
1799;0.0;1.5984E9
1800;1600000.0;1.6E9
1801;1596800.0;1.6015968E9
1802;3200.0;1.6016E9
1803;1600000.0;1.6032E9
1804;0.0;1.6032E9
1805;1600000.0;1.6048E9
1806;0.0;1.6048E9
1807;1600000.0;1.6064E9
1808;0.0;1.6064E9
1809;1600000.0;1.608E9
1810;1596800.0;1.6095968E9
1811;3200.0;1.6096E9
1812;1600000.0;1.6112E9
1813;0.0;1.6112E9
1814;1600000.0;1.6128E9
1815;0.0;1.6128E9
1816;1600000.0;1.6144E9
1817;0.0;1.6144E9
1818;1600000.0;1.616E9
1819;1596800.0;1.6175968E9
1820;3200.0;1.6176E9
1821;1600000.0;1.6192E9
1822;0.0;1.6192E9
1823;1600000.0;1.6208E9
1824;0.0;1.6208E9
1825;1600000.0;1.6224E9
1826;0.0;1.6224E9
1827;1600000.0;1.624E9
1828;1596800.0;1.6255968E9
1829;3200.0;1.6256E9
1830;1600000.0;1.6272E9
1831;0.0;1.6272E9
1832;1600000.0;1.6288E9
1833;0.0;1.6288E9
1834;1600000.0;1.6304E9
1835;0.0;1.6304E9
1836;1600000.0;1.632E9
1837;1596800.0;1.6335968E9
1838;3200.0;1.6336E9
1839;1600000.0;1.6352E9
1840;0.0;1.6352E9
1841;1600000.0;1.6368E9
1842;0.0;1.6368E9
1843;1600000.0;1.6384E9
1844;0.0;1.6384E9
1845;1600000.0;1.64E9
1846;1596800.0;1.6415968E9
1847;3200.0;1.6416E9
1848;1600000.0;1.6432E9
1849;0.0;1.6432E9
1850;1600000.0;1.6448E9
1851;0.0;1.6448E9
1852;1600000.0;1.6464E9
1853;0.0;1.6464E9
1854;1600000.0;1.648E9
1855;1596800.0;1.6495968E9
1856;3200.0;1.6496E9
1857;1600000.0;1.6512E9
1858;0.0;1.6512E9
1859;1600000.0;1.6528E9
1860;0.0;1.6528E9
1861;1600000.0;1.6544E9
1862;0.0;1.6544E9
1863;1600000.0;1.656E9
1864;1596800.0;1.6575968E9
1865;3200.0;1.6576E9
1866;1600000.0;1.6592E9
1867;0.0;1.6592E9
1868;1600000.0;1.6608E9
1869;0.0;1.6608E9
1870;1600000.0;1.6624E9
1871;0.0;1.6624E9
1872;1600000.0;1.664E9
1873;1596800.0;1.6655968E9
1874;3200.0;1.6656E9
1875;1600000.0;1.6672E9
1876;0.0;1.6672E9
1877;1600000.0;1.6688E9
1878;0.0;1.6688E9
1879;1600000.0;1.6704E9
1880;0.0;1.6704E9
1881;1600000.0;1.672E9
1882;1596800.0;1.6735968E9
1883;3200.0;1.6736E9
1884;1600000.0;1.6752E9
1885;0.0;1.6752E9
1886;1600000.0;1.6768E9
1887;0.0;1.6768E9
1888;1600000.0;1.6784E9
1889;0.0;1.6784E9
1890;1600000.0;1.68E9
1891;1596800.0;1.6815968E9
1892;3200.0;1.6816E9
1893;1600000.0;1.6832E9
1894;0.0;1.6832E9
1895;1600000.0;1.6848E9
1896;0.0;1.6848E9
1897;1600000.0;1.6864E9
1898;0.0;1.6864E9
1899;1600000.0;1.688E9
1900;1596800.0;1.6895968E9
1901;3200.0;1.6896E9
1902;1600000.0;1.6912E9
1903;0.0;1.6912E9
1904;1600000.0;1.6928E9
1905;0.0;1.6928E9
1906;1600000.0;1.6944E9
1907;0.0;1.6944E9
1908;1600000.0;1.696E9
1909;1596800.0;1.6975968E9
1910;3200.0;1.6976E9
1911;1600000.0;1.6992E9
1912;0.0;1.6992E9
1913;1600000.0;1.7008E9
1914;0.0;1.7008E9
1915;1600000.0;1.7024E9
1916;0.0;1.7024E9
1917;1600000.0;1.704E9
1918;1596800.0;1.7055968E9
1919;3200.0;1.7056E9
1920;1600000.0;1.7072E9
1921;0.0;1.7072E9
1922;1600000.0;1.7088E9
1923;0.0;1.7088E9
1924;1600000.0;1.7104E9
1925;0.0;1.7104E9
1926;1600000.0;1.712E9
1927;1596800.0;1.7135968E9
1928;3200.0;1.7136E9
1929;1600000.0;1.7152E9
1930;0.0;1.7152E9
1931;1600000.0;1.7168E9
1932;0.0;1.7168E9
1933;1600000.0;1.7184E9
1934;0.0;1.7184E9
1935;1600000.0;1.72E9
1936;1596800.0;1.7215968E9
1937;3200.0;1.7216E9
1938;1600000.0;1.7232E9
1939;0.0;1.7232E9
1940;1600000.0;1.7248E9
1941;0.0;1.7248E9
1942;1600000.0;1.7264E9
1943;0.0;1.7264E9
1944;1600000.0;1.728E9
1945;1596800.0;1.7295968E9
1946;3200.0;1.7296E9
1947;1600000.0;1.7312E9
1948;0.0;1.7312E9
1949;1600000.0;1.7328E9
1950;0.0;1.7328E9
1951;1600000.0;1.7344E9
1952;0.0;1.7344E9
1953;1600000.0;1.736E9
1954;1596800.0;1.7375968E9
1955;3200.0;1.7376E9
1956;1600000.0;1.7392E9
1957;0.0;1.7392E9
1958;1600000.0;1.7408E9
1959;0.0;1.7408E9
1960;1600000.0;1.7424E9
1961;0.0;1.7424E9
1962;1600000.0;1.744E9
1963;1596800.0;1.7455968E9
1964;3200.0;1.7456E9
1965;1600000.0;1.7472E9
1966;0.0;1.7472E9
1967;1600000.0;1.7488E9
1968;0.0;1.7488E9
1969;1600000.0;1.7504E9
1970;0.0;1.7504E9
1971;1600000.0;1.752E9
1972;1596800.0;1.7535968E9
1973;3200.0;1.7536E9
1974;1600000.0;1.7552E9
1975;0.0;1.7552E9
1976;1600000.0;1.7568E9
1977;0.0;1.7568E9
1978;1600000.0;1.7584E9
1979;0.0;1.7584E9
1980;1600000.0;1.76E9
1981;1596800.0;1.7615968E9
1982;3200.0;1.7616E9
1983;1600000.0;1.7632E9
1984;0.0;1.7632E9
1985;1600000.0;1.7648E9
1986;0.0;1.7648E9
1987;1600000.0;1.7664E9
1988;0.0;1.7664E9
1989;1600000.0;1.768E9
1990;1596800.0;1.7695968E9
1991;3200.0;1.7696E9
1992;1600000.0;1.7712E9
1993;0.0;1.7712E9
1994;1600000.0;1.7728E9
1995;0.0;1.7728E9
1996;1600000.0;1.7744E9
1997;0.0;1.7744E9
1998;1600000.0;1.776E9
1999;1596800.0;1.7775968E9
2000;3200.0;1.7776E9
2001;1600000.0;1.7792E9
2002;0.0;1.7792E9
2003;1600000.0;1.7808E9
2004;0.0;1.7808E9
2005;1600000.0;1.7824E9
2006;0.0;1.7824E9
2007;1600000.0;1.784E9
2008;1596800.0;1.7855968E9
2009;3200.0;1.7856E9
2010;1600000.0;1.7872E9
2011;0.0;1.7872E9
2012;1600000.0;1.7888E9
2013;0.0;1.7888E9
2014;1600000.0;1.7904E9
2015;0.0;1.7904E9
2016;1600000.0;1.792E9
2017;1596800.0;1.7935968E9
2018;3200.0;1.7936E9
2019;1600000.0;1.7952E9
2020;0.0;1.7952E9
2021;1600000.0;1.7968E9
2022;0.0;1.7968E9
2023;1600000.0;1.7984E9
2024;0.0;1.7984E9
2025;1600000.0;1.8E9
2026;1596800.0;1.8015968E9
2027;3200.0;1.8016E9
2028;1600000.0;1.8032E9
2029;0.0;1.8032E9
2030;1600000.0;1.8048E9
2031;0.0;1.8048E9
2032;1600000.0;1.8064E9
2033;0.0;1.8064E9
2034;1600000.0;1.808E9
2035;1596800.0;1.8095968E9
2036;3200.0;1.8096E9
2037;1600000.0;1.8112E9
2038;0.0;1.8112E9
2039;1600000.0;1.8128E9
2040;0.0;1.8128E9
2041;1600000.0;1.8144E9
2042;0.0;1.8144E9
2043;1600000.0;1.816E9
2044;1596800.0;1.8175968E9
2045;3200.0;1.8176E9
2046;1600000.0;1.8192E9
2047;0.0;1.8192E9
2048;1600000.0;1.8208E9
2049;0.0;1.8208E9
2050;1600000.0;1.8224E9
2051;0.0;1.8224E9
2052;1600000.0;1.824E9
2053;1596800.0;1.8255968E9
2054;3200.0;1.8256E9
2055;1600000.0;1.8272E9
2056;0.0;1.8272E9
2057;1600000.0;1.8288E9
2058;0.0;1.8288E9
2059;1600000.0;1.8304E9
2060;0.0;1.8304E9
2061;1600000.0;1.832E9
2062;1596800.0;1.8335968E9
2063;3200.0;1.8336E9
2064;1600000.0;1.8352E9
2065;0.0;1.8352E9
2066;1600000.0;1.8368E9
2067;0.0;1.8368E9
2068;1600000.0;1.8384E9
2069;0.0;1.8384E9
2070;1600000.0;1.84E9
2071;1596800.0;1.8415968E9
2072;3200.0;1.8416E9
2073;1600000.0;1.8432E9
2074;0.0;1.8432E9
2075;1600000.0;1.8448E9
2076;0.0;1.8448E9
2077;1600000.0;1.8464E9
2078;0.0;1.8464E9
2079;1600000.0;1.848E9
2080;1596800.0;1.8495968E9
2081;3200.0;1.8496E9
2082;1600000.0;1.8512E9
2083;0.0;1.8512E9
2084;1600000.0;1.8528E9
2085;0.0;1.8528E9
2086;1600000.0;1.8544E9
2087;0.0;1.8544E9
2088;1600000.0;1.856E9
2089;1596800.0;1.8575968E9
2090;3200.0;1.8576E9
2091;1600000.0;1.8592E9
2092;0.0;1.8592E9
2093;1600000.0;1.8608E9
2094;0.0;1.8608E9
2095;1600000.0;1.8624E9
2096;0.0;1.8624E9
2097;1600000.0;1.864E9
2098;1596800.0;1.8655968E9
2099;3200.0;1.8656E9
2100;1600000.0;1.8672E9
2101;0.0;1.8672E9
2102;1600000.0;1.8688E9
2103;0.0;1.8688E9
2104;1600000.0;1.8704E9
2105;0.0;1.8704E9
2106;1600000.0;1.872E9
2107;1596800.0;1.8735968E9
2108;3200.0;1.8736E9
2109;1600000.0;1.8752E9
2110;0.0;1.8752E9
2111;1600000.0;1.8768E9
2112;0.0;1.8768E9
2113;1600000.0;1.8784E9
2114;0.0;1.8784E9
2115;1600000.0;1.88E9
2116;1596800.0;1.8815968E9
2117;3200.0;1.8816E9
2118;1600000.0;1.8832E9
2119;0.0;1.8832E9
2120;1600000.0;1.8848E9
2121;0.0;1.8848E9
2122;1600000.0;1.8864E9
2123;0.0;1.8864E9
2124;1600000.0;1.888E9
2125;1596800.0;1.8895968E9
2126;3200.0;1.8896E9
2127;1600000.0;1.8912E9
2128;0.0;1.8912E9
2129;1600000.0;1.8928E9
2130;0.0;1.8928E9
2131;1600000.0;1.8944E9
2132;0.0;1.8944E9
2133;1600000.0;1.896E9
2134;1596800.0;1.8975968E9
2135;3200.0;1.8976E9
2136;1600000.0;1.8992E9
2137;0.0;1.8992E9
2138;1600000.0;1.9008E9
2139;0.0;1.9008E9
2140;1600000.0;1.9024E9
2141;0.0;1.9024E9
2142;1600000.0;1.904E9
2143;1596800.0;1.9055968E9
2144;3200.0;1.9056E9
2145;1600000.0;1.9072E9
2146;0.0;1.9072E9
2147;1600000.0;1.9088E9
2148;0.0;1.9088E9
2149;1600000.0;1.9104E9
2150;0.0;1.9104E9
2151;1600000.0;1.912E9
2152;1596800.0;1.9135968E9
2153;3200.0;1.9136E9
2154;1600000.0;1.9152E9
2155;0.0;1.9152E9
2156;1600000.0;1.9168E9
2157;0.0;1.9168E9
2158;1600000.0;1.9184E9
2159;0.0;1.9184E9
2160;1600000.0;1.92E9
2161;1596800.0;1.9215968E9
2162;3200.0;1.9216E9
2163;1600000.0;1.9232E9
2164;0.0;1.9232E9
2165;1600000.0;1.9248E9
2166;0.0;1.9248E9
2167;1600000.0;1.9264E9
2168;0.0;1.9264E9
2169;1600000.0;1.928E9
2170;1596800.0;1.9295968E9
2171;3200.0;1.9296E9
2172;1600000.0;1.9312E9
2173;0.0;1.9312E9
2174;1600000.0;1.9328E9
2175;0.0;1.9328E9
2176;1600000.0;1.9344E9
2177;0.0;1.9344E9
2178;1600000.0;1.936E9
2179;1596800.0;1.9375968E9
2180;3200.0;1.9376E9
2181;1600000.0;1.9392E9
2182;0.0;1.9392E9
2183;1600000.0;1.9408E9
2184;0.0;1.9408E9
2185;1600000.0;1.9424E9
2186;0.0;1.9424E9
2187;1600000.0;1.944E9
2188;1596800.0;1.9455968E9
2189;3200.0;1.9456E9
2190;1600000.0;1.9472E9
2191;0.0;1.9472E9
2192;1600000.0;1.9488E9
2193;0.0;1.9488E9
2194;1600000.0;1.9504E9
2195;0.0;1.9504E9
2196;1600000.0;1.952E9
2197;1596800.0;1.9535968E9
2198;3200.0;1.9536E9
2199;1600000.0;1.9552E9
2200;0.0;1.9552E9
2201;1600000.0;1.9568E9
2202;0.0;1.9568E9
2203;1600000.0;1.9584E9
2204;0.0;1.9584E9
2205;1600000.0;1.96E9
2206;1596800.0;1.9615968E9
2207;3200.0;1.9616E9
2208;1600000.0;1.9632E9
2209;0.0;1.9632E9
2210;1600000.0;1.9648E9
2211;0.0;1.9648E9
2212;1600000.0;1.9664E9
2213;0.0;1.9664E9
2214;1600000.0;1.968E9
2215;1596800.0;1.9695968E9
2216;3200.0;1.9696E9
2217;1600000.0;1.9712E9
2218;0.0;1.9712E9
2219;1600000.0;1.9728E9
2220;0.0;1.9728E9
2221;1600000.0;1.9744E9
2222;0.0;1.9744E9
2223;1600000.0;1.976E9
2224;1596800.0;1.9775968E9
2225;3200.0;1.9776E9
2226;1600000.0;1.9792E9
2227;0.0;1.9792E9
2228;1600000.0;1.9808E9
2229;0.0;1.9808E9
2230;1600000.0;1.9824E9
2231;0.0;1.9824E9
2232;1600000.0;1.984E9
2233;1596800.0;1.9855968E9
2234;3200.0;1.9856E9
2235;1600000.0;1.9872E9
2236;0.0;1.9872E9
2237;1600000.0;1.9888E9
2238;0.0;1.9888E9
2239;1600000.0;1.9904E9
2240;0.0;1.9904E9
2241;1600000.0;1.992E9
2242;1596800.0;1.9935968E9
2243;3200.0;1.9936E9
2244;1600000.0;1.9952E9
2245;0.0;1.9952E9
2246;1600000.0;1.9968E9
2247;0.0;1.9968E9
2248;1600000.0;1.9984E9
2249;0.0;1.9984E9
2250;1600000.0;2.0E9
2251;1596800.0;2.0015968E9
2252;3200.0;2.0016E9
2253;1600000.0;2.0032E9
2254;0.0;2.0032E9
2255;1600000.0;2.0048E9
2256;0.0;2.0048E9
2257;1600000.0;2.0064E9
2258;0.0;2.0064E9
2259;1600000.0;2.008E9
2260;1596800.0;2.0095968E9
2261;3200.0;2.0096E9
2262;1600000.0;2.0112E9
2263;0.0;2.0112E9
2264;1600000.0;2.0128E9
2265;0.0;2.0128E9
2266;1600000.0;2.0144E9
2267;0.0;2.0144E9
2268;1600000.0;2.016E9
2269;1596800.0;2.0175968E9
2270;3200.0;2.0176E9
2271;1600000.0;2.0192E9
2272;0.0;2.0192E9
2273;1600000.0;2.0208E9
2274;0.0;2.0208E9
2275;1600000.0;2.0224E9
2276;0.0;2.0224E9
2277;1600000.0;2.024E9
2278;1596800.0;2.0255968E9
2279;3200.0;2.0256E9
2280;1600000.0;2.0272E9
2281;0.0;2.0272E9
2282;1600000.0;2.0288E9
2283;0.0;2.0288E9
2284;1600000.0;2.0304E9
2285;0.0;2.0304E9
2286;1600000.0;2.032E9
2287;1596800.0;2.0335968E9
2288;3200.0;2.0336E9
2289;1600000.0;2.0352E9
2290;0.0;2.0352E9
2291;1600000.0;2.0368E9
2292;0.0;2.0368E9
2293;1600000.0;2.0384E9
2294;0.0;2.0384E9
2295;1600000.0;2.04E9
2296;1596800.0;2.0415968E9
2297;3200.0;2.0416E9
2298;1600000.0;2.0432E9
2299;0.0;2.0432E9
2300;1600000.0;2.0448E9
2301;0.0;2.0448E9
2302;1600000.0;2.0464E9
2303;0.0;2.0464E9
2304;1600000.0;2.048E9
2305;1596800.0;2.0495968E9
2306;3200.0;2.0496E9
2307;1600000.0;2.0512E9
2308;0.0;2.0512E9
2309;1600000.0;2.0528E9
2310;0.0;2.0528E9
2311;1600000.0;2.0544E9
2312;0.0;2.0544E9
2313;1600000.0;2.056E9
2314;1596800.0;2.0575968E9
2315;3200.0;2.0576E9
2316;1600000.0;2.0592E9
2317;0.0;2.0592E9
2318;1600000.0;2.0608E9
2319;0.0;2.0608E9
2320;1600000.0;2.0624E9
2321;0.0;2.0624E9
2322;1600000.0;2.064E9
2323;1596800.0;2.0655968E9
2324;3200.0;2.0656E9
2325;1600000.0;2.0672E9
2326;0.0;2.0672E9
2327;1600000.0;2.0688E9
2328;0.0;2.0688E9
2329;1600000.0;2.0704E9
2330;0.0;2.0704E9
2331;1600000.0;2.072E9
2332;1596800.0;2.0735968E9
2333;3200.0;2.0736E9
2334;1600000.0;2.0752E9
2335;0.0;2.0752E9
2336;1600000.0;2.0768E9
2337;0.0;2.0768E9
2338;1600000.0;2.0784E9
2339;0.0;2.0784E9
2340;1600000.0;2.08E9
2341;1596800.0;2.0815968E9
2342;3200.0;2.0816E9
2343;1600000.0;2.0832E9
2344;0.0;2.0832E9
2345;1600000.0;2.0848E9
2346;0.0;2.0848E9
2347;1600000.0;2.0864E9
2348;0.0;2.0864E9
2349;1600000.0;2.088E9
2350;1596800.0;2.0895968E9
2351;3200.0;2.0896E9
2352;1600000.0;2.0912E9
2353;0.0;2.0912E9
2354;1600000.0;2.0928E9
2355;0.0;2.0928E9
2356;1600000.0;2.0944E9
2357;0.0;2.0944E9
2358;1600000.0;2.096E9
2359;1596800.0;2.0975968E9
2360;3200.0;2.0976E9
2361;1600000.0;2.0992E9
2362;0.0;2.0992E9
2363;1600000.0;2.1008E9
2364;0.0;2.1008E9
2365;1600000.0;2.1024E9
2366;0.0;2.1024E9
2367;1600000.0;2.104E9
2368;1596800.0;2.1055968E9
2369;3200.0;2.1056E9
2370;1600000.0;2.1072E9
2371;0.0;2.1072E9
2372;1600000.0;2.1088E9
2373;0.0;2.1088E9
2374;1600000.0;2.1104E9
2375;0.0;2.1104E9
2376;1600000.0;2.112E9
2377;1596800.0;2.1135968E9
2378;3200.0;2.1136E9
2379;1600000.0;2.1152E9
2380;0.0;2.1152E9
2381;1600000.0;2.1168E9
2382;0.0;2.1168E9
2383;1600000.0;2.1184E9
2384;0.0;2.1184E9
2385;1600000.0;2.12E9
2386;1596800.0;2.1215968E9
2387;3200.0;2.1216E9
2388;1600000.0;2.1232E9
2389;0.0;2.1232E9
2390;1600000.0;2.1248E9
2391;0.0;2.1248E9
2392;1600000.0;2.1264E9
2393;0.0;2.1264E9
2394;1600000.0;2.128E9
2395;1596800.0;2.1295968E9
2396;3200.0;2.1296E9
2397;1600000.0;2.1312E9
2398;0.0;2.1312E9
2399;1600000.0;2.1328E9
2400;0.0;2.1328E9
2401;1600000.0;2.1344E9
2402;0.0;2.1344E9
2403;1600000.0;2.136E9
2404;1596800.0;2.1375968E9
2405;3200.0;2.1376E9
2406;1600000.0;2.1392E9
2407;0.0;2.1392E9
2408;1600000.0;2.1408E9
2409;0.0;2.1408E9
2410;1600000.0;2.1424E9
2411;0.0;2.1424E9
2412;1600000.0;2.144E9
2413;1596800.0;2.1455968E9
2414;3200.0;2.1456E9
2415;1600000.0;2.1472E9
2416;0.0;2.1472E9
2417;1600000.0;2.1488E9
2418;0.0;2.1488E9
2419;1600000.0;2.1504E9
2420;0.0;2.1504E9
2421;1600000.0;2.152E9
2422;1596800.0;2.1535968E9
2423;3200.0;2.1536E9
2424;1600000.0;2.1552E9
2425;0.0;2.1552E9
2426;1600000.0;2.1568E9
2427;0.0;2.1568E9
2428;1600000.0;2.1584E9
2429;0.0;2.1584E9
2430;1600000.0;2.16E9
2431;1596800.0;2.1615968E9
2432;3200.0;2.1616E9
2433;1600000.0;2.1632E9
2434;0.0;2.1632E9
2435;1600000.0;2.1648E9
2436;0.0;2.1648E9
2437;1600000.0;2.1664E9
2438;0.0;2.1664E9
2439;1600000.0;2.168E9
2440;1596800.0;2.1695968E9
2441;3200.0;2.1696E9
2442;1600000.0;2.1712E9
2443;0.0;2.1712E9
2444;1600000.0;2.1728E9
2445;0.0;2.1728E9
2446;1600000.0;2.1744E9
2447;0.0;2.1744E9
2448;1600000.0;2.176E9
2449;1596800.0;2.1775968E9
2450;3200.0;2.1776E9
2451;1600000.0;2.1792E9
2452;0.0;2.1792E9
2453;1600000.0;2.1808E9
2454;0.0;2.1808E9
2455;1600000.0;2.1824E9
2456;0.0;2.1824E9
2457;1600000.0;2.184E9
2458;1596800.0;2.1855968E9
2459;3200.0;2.1856E9
2460;1600000.0;2.1872E9
2461;0.0;2.1872E9
2462;1600000.0;2.1888E9
2463;0.0;2.1888E9
2464;1600000.0;2.1904E9
2465;0.0;2.1904E9
2466;1600000.0;2.192E9
2467;1596800.0;2.1935968E9
2468;3200.0;2.1936E9
2469;1600000.0;2.1952E9
2470;0.0;2.1952E9
2471;1600000.0;2.1968E9
2472;0.0;2.1968E9
2473;1600000.0;2.1984E9
2474;0.0;2.1984E9
2475;1600000.0;2.2E9
2476;1596800.0;2.2015968E9
2477;3200.0;2.2016E9
2478;1600000.0;2.2032E9
2479;0.0;2.2032E9
2480;1600000.0;2.2048E9
2481;0.0;2.2048E9
2482;1600000.0;2.2064E9
2483;0.0;2.2064E9
2484;1600000.0;2.208E9
2485;1596800.0;2.2095968E9
2486;3200.0;2.2096E9
2487;1600000.0;2.2112E9
2488;0.0;2.2112E9
2489;1600000.0;2.2128E9
2490;0.0;2.2128E9
2491;1600000.0;2.2144E9
2492;0.0;2.2144E9
2493;1600000.0;2.216E9
2494;1596800.0;2.2175968E9
2495;3200.0;2.2176E9
2496;1600000.0;2.2192E9
2497;0.0;2.2192E9
2498;1600000.0;2.2208E9
2499;0.0;2.2208E9
2500;1600000.0;2.2224E9
2501;0.0;2.2224E9
2502;1600000.0;2.224E9
2503;1596800.0;2.2255968E9
2504;3200.0;2.2256E9
2505;1600000.0;2.2272E9
2506;0.0;2.2272E9
2507;1600000.0;2.2288E9
2508;0.0;2.2288E9
2509;1600000.0;2.2304E9
2510;0.0;2.2304E9
2511;1600000.0;2.232E9
2512;1596800.0;2.2335968E9
2513;3200.0;2.2336E9
2514;1600000.0;2.2352E9
2515;0.0;2.2352E9
2516;1600000.0;2.2368E9
2517;0.0;2.2368E9
2518;1600000.0;2.2384E9
2519;0.0;2.2384E9
2520;1600000.0;2.24E9
2521;1596800.0;2.2415968E9
2522;3200.0;2.2416E9
2523;1600000.0;2.2432E9
2524;0.0;2.2432E9
2525;1600000.0;2.2448E9
2526;0.0;2.2448E9
2527;1600000.0;2.2464E9
2528;0.0;2.2464E9
2529;1600000.0;2.248E9
2530;1596800.0;2.2495968E9
2531;3200.0;2.2496E9
2532;1600000.0;2.2512E9
2533;0.0;2.2512E9
2534;1600000.0;2.2528E9
2535;0.0;2.2528E9
2536;1600000.0;2.2544E9
2537;0.0;2.2544E9
2538;1600000.0;2.256E9
2539;1596800.0;2.2575968E9
2540;3200.0;2.2576E9
2541;1600000.0;2.2592E9
2542;0.0;2.2592E9
2543;1600000.0;2.2608E9
2544;0.0;2.2608E9
2545;1600000.0;2.2624E9
2546;0.0;2.2624E9
2547;1600000.0;2.264E9
2548;1596800.0;2.2655968E9
2549;3200.0;2.2656E9
2550;1600000.0;2.2672E9
2551;0.0;2.2672E9
2552;1600000.0;2.2688E9
2553;0.0;2.2688E9
2554;1600000.0;2.2704E9
2555;0.0;2.2704E9
2556;1600000.0;2.272E9
2557;1596800.0;2.2735968E9
2558;3200.0;2.2736E9
2559;1600000.0;2.2752E9
2560;0.0;2.2752E9
2561;1600000.0;2.2768E9
2562;0.0;2.2768E9
2563;1600000.0;2.2784E9
2564;0.0;2.2784E9
2565;1600000.0;2.28E9
2566;1596800.0;2.2815968E9
2567;3200.0;2.2816E9
2568;1600000.0;2.2832E9
2569;0.0;2.2832E9
2570;1600000.0;2.2848E9
2571;0.0;2.2848E9
2572;1600000.0;2.2864E9
2573;0.0;2.2864E9
2574;1600000.0;2.288E9
2575;1596800.0;2.2895968E9
2576;3200.0;2.2896E9
2577;1600000.0;2.2912E9
2578;0.0;2.2912E9
2579;1600000.0;2.2928E9
2580;0.0;2.2928E9
2581;1600000.0;2.2944E9
2582;0.0;2.2944E9
2583;1600000.0;2.296E9
2584;1596800.0;2.2975968E9
2585;3200.0;2.2976E9
2586;1600000.0;2.2992E9
2587;0.0;2.2992E9
2588;1600000.0;2.3008E9
2589;0.0;2.3008E9
2590;1600000.0;2.3024E9
2591;0.0;2.3024E9
2592;1600000.0;2.304E9
2593;1596800.0;2.3055968E9
2594;3200.0;2.3056E9
2595;1600000.0;2.3072E9
2596;0.0;2.3072E9
2597;1600000.0;2.3088E9
2598;0.0;2.3088E9
2599;1600000.0;2.3104E9
2600;0.0;2.3104E9
2601;1600000.0;2.312E9
2602;1596800.0;2.3135968E9
2603;3200.0;2.3136E9
2604;1600000.0;2.3152E9
2605;0.0;2.3152E9
2606;1600000.0;2.3168E9
2607;0.0;2.3168E9
2608;1600000.0;2.3184E9
2609;0.0;2.3184E9
2610;1600000.0;2.32E9
2611;1596800.0;2.3215968E9
2612;3200.0;2.3216E9
2613;1600000.0;2.3232E9
2614;0.0;2.3232E9
2615;1600000.0;2.3248E9
2616;0.0;2.3248E9
2617;1600000.0;2.3264E9
2618;0.0;2.3264E9
2619;1600000.0;2.328E9
2620;1596800.0;2.3295968E9
2621;3200.0;2.3296E9
2622;1600000.0;2.3312E9
2623;0.0;2.3312E9
2624;1600000.0;2.3328E9
2625;0.0;2.3328E9
2626;1600000.0;2.3344E9
2627;0.0;2.3344E9
2628;1600000.0;2.336E9
2629;1596800.0;2.3375968E9
2630;3200.0;2.3376E9
2631;1600000.0;2.3392E9
2632;0.0;2.3392E9
2633;1600000.0;2.3408E9
2634;0.0;2.3408E9
2635;1600000.0;2.3424E9
2636;0.0;2.3424E9
2637;1600000.0;2.344E9
2638;1596800.0;2.3455968E9
2639;3200.0;2.3456E9
2640;1600000.0;2.3472E9
2641;0.0;2.3472E9
2642;1600000.0;2.3488E9
2643;0.0;2.3488E9
2644;1600000.0;2.3504E9
2645;0.0;2.3504E9
2646;1600000.0;2.352E9
2647;1596800.0;2.3535968E9
2648;3200.0;2.3536E9
2649;1600000.0;2.3552E9
2650;0.0;2.3552E9
2651;1600000.0;2.3568E9
2652;0.0;2.3568E9
2653;1600000.0;2.3584E9
2654;0.0;2.3584E9
2655;1600000.0;2.36E9
2656;1596800.0;2.3615968E9
2657;3200.0;2.3616E9
2658;1600000.0;2.3632E9
2659;0.0;2.3632E9
2660;1600000.0;2.3648E9
2661;0.0;2.3648E9
2662;1600000.0;2.3664E9
2663;0.0;2.3664E9
2664;1600000.0;2.368E9
2665;1596800.0;2.3695968E9
2666;3200.0;2.3696E9
2667;1600000.0;2.3712E9
2668;0.0;2.3712E9
2669;1600000.0;2.3728E9
2670;0.0;2.3728E9
2671;1600000.0;2.3744E9
2672;0.0;2.3744E9
2673;1600000.0;2.376E9
2674;1596800.0;2.3775968E9
2675;3200.0;2.3776E9
2676;1600000.0;2.3792E9
2677;0.0;2.3792E9
2678;1600000.0;2.3808E9
2679;0.0;2.3808E9
2680;1600000.0;2.3824E9
2681;0.0;2.3824E9
2682;1600000.0;2.384E9
2683;1596800.0;2.3855968E9
2684;3200.0;2.3856E9
2685;1600000.0;2.3872E9
2686;0.0;2.3872E9
2687;1600000.0;2.3888E9
2688;0.0;2.3888E9
2689;1600000.0;2.3904E9
2690;0.0;2.3904E9
2691;1600000.0;2.392E9
2692;1596800.0;2.3935968E9
2693;3200.0;2.3936E9
2694;1600000.0;2.3952E9
2695;0.0;2.3952E9
2696;1600000.0;2.3968E9
2697;0.0;2.3968E9
2698;1600000.0;2.3984E9
2699;0.0;2.3984E9
2700;1600000.0;2.4E9
2701;1596800.0;2.4015968E9
2702;3200.0;2.4016E9
2703;1600000.0;2.4032E9
2704;0.0;2.4032E9
2705;1600000.0;2.4048E9
2706;0.0;2.4048E9
2707;1600000.0;2.4064E9
2708;0.0;2.4064E9
2709;1600000.0;2.408E9
2710;1596800.0;2.4095968E9
2711;3200.0;2.4096E9
2712;1600000.0;2.4112E9
2713;0.0;2.4112E9
2714;1600000.0;2.4128E9
2715;0.0;2.4128E9
2716;1600000.0;2.4144E9
2717;0.0;2.4144E9
2718;1600000.0;2.416E9
2719;1596800.0;2.4175968E9
2720;3200.0;2.4176E9
2721;1600000.0;2.4192E9
2722;0.0;2.4192E9
2723;1600000.0;2.4208E9
2724;0.0;2.4208E9
2725;1600000.0;2.4224E9
2726;0.0;2.4224E9
2727;1600000.0;2.424E9
2728;1596800.0;2.4255968E9
2729;3200.0;2.4256E9
2730;1600000.0;2.4272E9
2731;0.0;2.4272E9
2732;1600000.0;2.4288E9
2733;0.0;2.4288E9
2734;1600000.0;2.4304E9
2735;0.0;2.4304E9
2736;1600000.0;2.432E9
2737;1596800.0;2.4335968E9
2738;3200.0;2.4336E9
2739;1600000.0;2.4352E9
2740;0.0;2.4352E9
2741;1600000.0;2.4368E9
2742;0.0;2.4368E9
2743;1600000.0;2.4384E9
2744;0.0;2.4384E9
2745;1600000.0;2.44E9
2746;1596800.0;2.4415968E9
2747;3200.0;2.4416E9
2748;1600000.0;2.4432E9
2749;0.0;2.4432E9
2750;1600000.0;2.4448E9
2751;0.0;2.4448E9
2752;1600000.0;2.4464E9
2753;0.0;2.4464E9
2754;1600000.0;2.448E9
2755;1596800.0;2.4495968E9
2756;3200.0;2.4496E9
2757;1600000.0;2.4512E9
2758;0.0;2.4512E9
2759;1600000.0;2.4528E9
2760;0.0;2.4528E9
2761;1600000.0;2.4544E9
2762;0.0;2.4544E9
2763;1600000.0;2.456E9
2764;1596800.0;2.4575968E9
2765;3200.0;2.4576E9
2766;1600000.0;2.4592E9
2767;0.0;2.4592E9
2768;1600000.0;2.4608E9
2769;0.0;2.4608E9
2770;1600000.0;2.4624E9
2771;0.0;2.4624E9
2772;1600000.0;2.464E9
2773;1596800.0;2.4655968E9
2774;3200.0;2.4656E9
2775;1600000.0;2.4672E9
2776;0.0;2.4672E9
2777;1600000.0;2.4688E9
2778;0.0;2.4688E9
2779;1600000.0;2.4704E9
2780;0.0;2.4704E9
2781;1600000.0;2.472E9
2782;1596800.0;2.4735968E9
2783;3200.0;2.4736E9
2784;1600000.0;2.4752E9
2785;0.0;2.4752E9
2786;1600000.0;2.4768E9
2787;0.0;2.4768E9
2788;1600000.0;2.4784E9
2789;0.0;2.4784E9
2790;1600000.0;2.48E9
2791;1596800.0;2.4815968E9
2792;3200.0;2.4816E9
2793;1600000.0;2.4832E9
2794;0.0;2.4832E9
2795;1600000.0;2.4848E9
2796;0.0;2.4848E9
2797;1600000.0;2.4864E9
2798;0.0;2.4864E9
2799;1600000.0;2.488E9
2800;1596800.0;2.4895968E9
2801;3200.0;2.4896E9
2802;1600000.0;2.4912E9
2803;0.0;2.4912E9
2804;1600000.0;2.4928E9
2805;0.0;2.4928E9
2806;1600000.0;2.4944E9
2807;0.0;2.4944E9
2808;1600000.0;2.496E9
2809;1596800.0;2.4975968E9
2810;3200.0;2.4976E9
2811;1600000.0;2.4992E9
2812;0.0;2.4992E9
2813;1600000.0;2.5008E9
2814;0.0;2.5008E9
2815;1600000.0;2.5024E9
2816;0.0;2.5024E9
2817;1600000.0;2.504E9
2818;1596800.0;2.5055968E9
2819;3200.0;2.5056E9
2820;1600000.0;2.5072E9
2821;0.0;2.5072E9
2822;1600000.0;2.5088E9
2823;0.0;2.5088E9
2824;1600000.0;2.5104E9
2825;0.0;2.5104E9
2826;1600000.0;2.512E9
2827;1596800.0;2.5135968E9
2828;3200.0;2.5136E9
2829;1600000.0;2.5152E9
2830;0.0;2.5152E9
2831;1600000.0;2.5168E9
2832;0.0;2.5168E9
2833;1600000.0;2.5184E9
2834;0.0;2.5184E9
2835;1600000.0;2.52E9
2836;1596800.0;2.5215968E9
2837;3200.0;2.5216E9
2838;1600000.0;2.5232E9
2839;0.0;2.5232E9
2840;1600000.0;2.5248E9
2841;0.0;2.5248E9
2842;1600000.0;2.5264E9
2843;0.0;2.5264E9
2844;1600000.0;2.528E9
2845;1596800.0;2.5295968E9
2846;3200.0;2.5296E9
2847;1600000.0;2.5312E9
2848;0.0;2.5312E9
2849;1600000.0;2.5328E9
2850;0.0;2.5328E9
2851;1600000.0;2.5344E9
2852;0.0;2.5344E9
2853;1600000.0;2.536E9
2854;1596800.0;2.5375968E9
2855;3200.0;2.5376E9
2856;1600000.0;2.5392E9
2857;0.0;2.5392E9
2858;1600000.0;2.5408E9
2859;0.0;2.5408E9
2860;1600000.0;2.5424E9
2861;0.0;2.5424E9
2862;1600000.0;2.544E9
2863;1596800.0;2.5455968E9
2864;3200.0;2.5456E9
2865;1600000.0;2.5472E9
2866;0.0;2.5472E9
2867;1600000.0;2.5488E9
2868;0.0;2.5488E9
2869;1600000.0;2.5504E9
2870;0.0;2.5504E9
2871;1600000.0;2.552E9
2872;1596800.0;2.5535968E9
2873;3200.0;2.5536E9
2874;1600000.0;2.5552E9
2875;0.0;2.5552E9
2876;1600000.0;2.5568E9
2877;0.0;2.5568E9
2878;1600000.0;2.5584E9
2879;0.0;2.5584E9
2880;1600000.0;2.56E9
2881;1596800.0;2.5615968E9
2882;3200.0;2.5616E9
2883;1600000.0;2.5632E9
2884;0.0;2.5632E9
2885;1600000.0;2.5648E9
2886;0.0;2.5648E9
2887;1600000.0;2.5664E9
2888;0.0;2.5664E9
2889;1600000.0;2.568E9
2890;1596800.0;2.5695968E9
2891;3200.0;2.5696E9
2892;1600000.0;2.5712E9
2893;0.0;2.5712E9
2894;1600000.0;2.5728E9
2895;0.0;2.5728E9
2896;1600000.0;2.5744E9
2897;0.0;2.5744E9
2898;1600000.0;2.576E9
2899;1596800.0;2.5775968E9
2900;3200.0;2.5776E9
2901;1600000.0;2.5792E9
2902;0.0;2.5792E9
2903;1600000.0;2.5808E9
2904;0.0;2.5808E9
2905;1600000.0;2.5824E9
2906;0.0;2.5824E9
2907;1600000.0;2.584E9
2908;1596800.0;2.5855968E9
2909;3200.0;2.5856E9
2910;1600000.0;2.5872E9
2911;0.0;2.5872E9
2912;1600000.0;2.5888E9
2913;0.0;2.5888E9
2914;1600000.0;2.5904E9
2915;0.0;2.5904E9
2916;1600000.0;2.592E9
2917;1596800.0;2.5935968E9
2918;3200.0;2.5936E9
2919;1600000.0;2.5952E9
2920;0.0;2.5952E9
2921;1600000.0;2.5968E9
2922;0.0;2.5968E9
2923;1600000.0;2.5984E9
2924;0.0;2.5984E9
2925;1600000.0;2.6E9
2926;1596800.0;2.6015968E9
2927;3200.0;2.6016E9
2928;1600000.0;2.6032E9
2929;0.0;2.6032E9
2930;1600000.0;2.6048E9
2931;0.0;2.6048E9
2932;1600000.0;2.6064E9
2933;0.0;2.6064E9
2934;1600000.0;2.608E9
2935;1596800.0;2.6095968E9
2936;3200.0;2.6096E9
2937;1600000.0;2.6112E9
2938;0.0;2.6112E9
2939;1600000.0;2.6128E9
2940;0.0;2.6128E9
2941;1600000.0;2.6144E9
2942;0.0;2.6144E9
2943;1600000.0;2.616E9
2944;1596800.0;2.6175968E9
2945;3200.0;2.6176E9
2946;1600000.0;2.6192E9
2947;0.0;2.6192E9
2948;1600000.0;2.6208E9
2949;0.0;2.6208E9
2950;1600000.0;2.6224E9
2951;0.0;2.6224E9
2952;1600000.0;2.624E9
2953;1596800.0;2.6255968E9
2954;3200.0;2.6256E9
2955;1600000.0;2.6272E9
2956;0.0;2.6272E9
2957;1600000.0;2.6288E9
2958;0.0;2.6288E9
2959;1600000.0;2.6304E9
2960;0.0;2.6304E9
2961;1600000.0;2.632E9
2962;1596800.0;2.6335968E9
2963;3200.0;2.6336E9
2964;1600000.0;2.6352E9
2965;0.0;2.6352E9
2966;1600000.0;2.6368E9
2967;0.0;2.6368E9
2968;1600000.0;2.6384E9
2969;0.0;2.6384E9
2970;1600000.0;2.64E9
2971;1596800.0;2.6415968E9
2972;3200.0;2.6416E9
2973;1600000.0;2.6432E9
2974;0.0;2.6432E9
2975;1600000.0;2.6448E9
2976;0.0;2.6448E9
2977;1600000.0;2.6464E9
2978;0.0;2.6464E9
2979;1600000.0;2.648E9
2980;1596800.0;2.6495968E9
2981;3200.0;2.6496E9
2982;1600000.0;2.6512E9
2983;0.0;2.6512E9
2984;1600000.0;2.6528E9
2985;0.0;2.6528E9
2986;1600000.0;2.6544E9
2987;0.0;2.6544E9
2988;1600000.0;2.656E9
2989;1596800.0;2.6575968E9
2990;3200.0;2.6576E9
2991;1600000.0;2.6592E9
2992;0.0;2.6592E9
2993;1600000.0;2.6608E9
2994;0.0;2.6608E9
2995;1600000.0;2.6624E9
2996;0.0;2.6624E9
2997;1600000.0;2.664E9
2998;1596800.0;2.6655968E9
2999;3200.0;2.6656E9
3000;1600000.0;2.6672E9
3001;0.0;2.6672E9
3002;1600000.0;2.6688E9
3003;0.0;2.6688E9
3004;1600000.0;2.6704E9
3005;0.0;2.6704E9
3006;1600000.0;2.672E9
3007;1596800.0;2.6735968E9
3008;3200.0;2.6736E9
3009;1600000.0;2.6752E9
3010;0.0;2.6752E9
3011;1600000.0;2.6768E9
3012;0.0;2.6768E9
3013;1600000.0;2.6784E9
3014;0.0;2.6784E9
3015;1600000.0;2.68E9
3016;1596800.0;2.6815968E9
3017;3200.0;2.6816E9
3018;1600000.0;2.6832E9
3019;0.0;2.6832E9
3020;1600000.0;2.6848E9
3021;0.0;2.6848E9
3022;1600000.0;2.6864E9
3023;0.0;2.6864E9
3024;1600000.0;2.688E9
3025;1596800.0;2.6895968E9
3026;3200.0;2.6896E9
3027;1600000.0;2.6912E9
3028;0.0;2.6912E9
3029;1600000.0;2.6928E9
3030;0.0;2.6928E9
3031;1600000.0;2.6944E9
3032;0.0;2.6944E9
3033;1600000.0;2.696E9
3034;1596800.0;2.6975968E9
3035;3200.0;2.6976E9
3036;1600000.0;2.6992E9
3037;0.0;2.6992E9
3038;1600000.0;2.7008E9
3039;0.0;2.7008E9
3040;1600000.0;2.7024E9
3041;0.0;2.7024E9
3042;1600000.0;2.704E9
3043;1596800.0;2.7055968E9
3044;3200.0;2.7056E9
3045;1600000.0;2.7072E9
3046;0.0;2.7072E9
3047;1600000.0;2.7088E9
3048;0.0;2.7088E9
3049;1600000.0;2.7104E9
3050;0.0;2.7104E9
3051;1600000.0;2.712E9
3052;1596800.0;2.7135968E9
3053;3200.0;2.7136E9
3054;1600000.0;2.7152E9
3055;0.0;2.7152E9
3056;1600000.0;2.7168E9
3057;0.0;2.7168E9
3058;1600000.0;2.7184E9
3059;0.0;2.7184E9
3060;1600000.0;2.72E9
3061;1596800.0;2.7215968E9
3062;3200.0;2.7216E9
3063;1600000.0;2.7232E9
3064;0.0;2.7232E9
3065;1600000.0;2.7248E9
3066;0.0;2.7248E9
3067;1600000.0;2.7264E9
3068;0.0;2.7264E9
3069;1600000.0;2.728E9
3070;1596800.0;2.7295968E9
3071;3200.0;2.7296E9
3072;1600000.0;2.7312E9
3073;0.0;2.7312E9
3074;1600000.0;2.7328E9
3075;0.0;2.7328E9
3076;1600000.0;2.7344E9
3077;0.0;2.7344E9
3078;1600000.0;2.736E9
3079;1596800.0;2.7375968E9
3080;3200.0;2.7376E9
3081;1600000.0;2.7392E9
3082;0.0;2.7392E9
3083;1600000.0;2.7408E9
3084;0.0;2.7408E9
3085;1600000.0;2.7424E9
3086;0.0;2.7424E9
3087;1600000.0;2.744E9
3088;1596800.0;2.7455968E9
3089;3200.0;2.7456E9
3090;1600000.0;2.7472E9
3091;0.0;2.7472E9
3092;1600000.0;2.7488E9
3093;0.0;2.7488E9
3094;1600000.0;2.7504E9
3095;0.0;2.7504E9
3096;1600000.0;2.752E9
3097;1596800.0;2.7535968E9
3098;3200.0;2.7536E9
3099;1600000.0;2.7552E9
3100;0.0;2.7552E9
3101;1600000.0;2.7568E9
3102;0.0;2.7568E9
3103;1600000.0;2.7584E9
3104;0.0;2.7584E9
3105;1600000.0;2.76E9
3106;1596800.0;2.7615968E9
3107;3200.0;2.7616E9
3108;1600000.0;2.7632E9
3109;0.0;2.7632E9
3110;1600000.0;2.7648E9
3111;0.0;2.7648E9
3112;1600000.0;2.7664E9
3113;0.0;2.7664E9
3114;1600000.0;2.768E9
3115;1596800.0;2.7695968E9
3116;3200.0;2.7696E9
3117;1600000.0;2.7712E9
3118;0.0;2.7712E9
3119;1600000.0;2.7728E9
3120;0.0;2.7728E9
3121;1600000.0;2.7744E9
3122;0.0;2.7744E9
3123;1600000.0;2.776E9
3124;1596800.0;2.7775968E9
3125;3200.0;2.7776E9
3126;1600000.0;2.7792E9
3127;0.0;2.7792E9
3128;1600000.0;2.7808E9
3129;0.0;2.7808E9
3130;1600000.0;2.7824E9
3131;0.0;2.7824E9
3132;1600000.0;2.784E9
3133;1596800.0;2.7855968E9
3134;3200.0;2.7856E9
3135;1600000.0;2.7872E9
3136;0.0;2.7872E9
3137;1600000.0;2.7888E9
3138;0.0;2.7888E9
3139;1600000.0;2.7904E9
3140;0.0;2.7904E9
3141;1600000.0;2.792E9
3142;1596800.0;2.7935968E9
3143;3200.0;2.7936E9
3144;1600000.0;2.7952E9
3145;0.0;2.7952E9
3146;1600000.0;2.7968E9
3147;0.0;2.7968E9
3148;1600000.0;2.7984E9
3149;0.0;2.7984E9
3150;1600000.0;2.8E9
3151;1596800.0;2.8015968E9
3152;3200.0;2.8016E9
3153;1600000.0;2.8032E9
3154;0.0;2.8032E9
3155;1600000.0;2.8048E9
3156;0.0;2.8048E9
3157;1600000.0;2.8064E9
3158;0.0;2.8064E9
3159;1600000.0;2.808E9
3160;1596800.0;2.8095968E9
3161;3200.0;2.8096E9
3162;1600000.0;2.8112E9
3163;0.0;2.8112E9
3164;1600000.0;2.8128E9
3165;0.0;2.8128E9
3166;1600000.0;2.8144E9
3167;0.0;2.8144E9
3168;1600000.0;2.816E9
3169;1596800.0;2.8175968E9
3170;3200.0;2.8176E9
3171;1600000.0;2.8192E9
3172;0.0;2.8192E9
3173;1600000.0;2.8208E9
3174;0.0;2.8208E9
3175;1600000.0;2.8224E9
3176;0.0;2.8224E9
3177;1600000.0;2.824E9
3178;1596800.0;2.8255968E9
3179;3200.0;2.8256E9
3180;1600000.0;2.8272E9
3181;0.0;2.8272E9
3182;1600000.0;2.8288E9
3183;0.0;2.8288E9
3184;1600000.0;2.8304E9
3185;0.0;2.8304E9
3186;1600000.0;2.832E9
3187;1596800.0;2.8335968E9
3188;3200.0;2.8336E9
3189;1600000.0;2.8352E9
3190;0.0;2.8352E9
3191;1600000.0;2.8368E9
3192;0.0;2.8368E9
3193;1600000.0;2.8384E9
3194;0.0;2.8384E9
3195;1600000.0;2.84E9
3196;1596800.0;2.8415968E9
3197;3200.0;2.8416E9
3198;1600000.0;2.8432E9
3199;0.0;2.8432E9
3200;1600000.0;2.8448E9
3201;0.0;2.8448E9
3202;1600000.0;2.8464E9
3203;0.0;2.8464E9
3204;1600000.0;2.848E9
3205;1596800.0;2.8495968E9
3206;3200.0;2.8496E9
3207;1600000.0;2.8512E9
3208;0.0;2.8512E9
3209;1600000.0;2.8528E9
3210;0.0;2.8528E9
3211;1600000.0;2.8544E9
3212;0.0;2.8544E9
3213;1600000.0;2.856E9
3214;1596800.0;2.8575968E9
3215;3200.0;2.8576E9
3216;1600000.0;2.8592E9
3217;0.0;2.8592E9
3218;1600000.0;2.8608E9
3219;0.0;2.8608E9
3220;1600000.0;2.8624E9
3221;0.0;2.8624E9
3222;1600000.0;2.864E9
3223;1596800.0;2.8655968E9
3224;3200.0;2.8656E9
3225;1600000.0;2.8672E9
3226;0.0;2.8672E9
3227;1600000.0;2.8688E9
3228;0.0;2.8688E9
3229;1600000.0;2.8704E9
3230;0.0;2.8704E9
3231;1600000.0;2.872E9
3232;1596800.0;2.8735968E9
3233;3200.0;2.8736E9
3234;1600000.0;2.8752E9
3235;0.0;2.8752E9
3236;1600000.0;2.8768E9
3237;0.0;2.8768E9
3238;1600000.0;2.8784E9
3239;0.0;2.8784E9
3240;1600000.0;2.88E9
3241;1596800.0;2.8815968E9
3242;3200.0;2.8816E9
3243;1600000.0;2.8832E9
3244;0.0;2.8832E9
3245;1600000.0;2.8848E9
3246;0.0;2.8848E9
3247;1600000.0;2.8864E9
3248;0.0;2.8864E9
3249;1600000.0;2.888E9
3250;1596800.0;2.8895968E9
3251;3200.0;2.8896E9
3252;1600000.0;2.8912E9
3253;0.0;2.8912E9
3254;1600000.0;2.8928E9
3255;0.0;2.8928E9
3256;1600000.0;2.8944E9
3257;0.0;2.8944E9
3258;1600000.0;2.896E9
3259;1596800.0;2.8975968E9
3260;3200.0;2.8976E9
3261;1600000.0;2.8992E9
3262;0.0;2.8992E9
3263;1600000.0;2.9008E9
3264;0.0;2.9008E9
3265;1600000.0;2.9024E9
3266;0.0;2.9024E9
3267;1600000.0;2.904E9
3268;1596800.0;2.9055968E9
3269;3200.0;2.9056E9
3270;1600000.0;2.9072E9
3271;0.0;2.9072E9
3272;1600000.0;2.9088E9
3273;0.0;2.9088E9
3274;1600000.0;2.9104E9
3275;0.0;2.9104E9
3276;1600000.0;2.912E9
3277;1596800.0;2.9135968E9
3278;3200.0;2.9136E9
3279;1600000.0;2.9152E9
3280;0.0;2.9152E9
3281;1600000.0;2.9168E9
3282;0.0;2.9168E9
3283;1600000.0;2.9184E9
3284;0.0;2.9184E9
3285;1600000.0;2.92E9
3286;1596800.0;2.9215968E9
3287;3200.0;2.9216E9
3288;1600000.0;2.9232E9
3289;0.0;2.9232E9
3290;1600000.0;2.9248E9
3291;0.0;2.9248E9
3292;1600000.0;2.9264E9
3293;0.0;2.9264E9
3294;1600000.0;2.928E9
3295;1596800.0;2.9295968E9
3296;3200.0;2.9296E9
3297;1600000.0;2.9312E9
3298;0.0;2.9312E9
3299;1600000.0;2.9328E9
3300;0.0;2.9328E9
3301;1600000.0;2.9344E9
3302;0.0;2.9344E9
3303;1600000.0;2.936E9
3304;1596800.0;2.9375968E9
3305;3200.0;2.9376E9
3306;1600000.0;2.9392E9
3307;0.0;2.9392E9
3308;1600000.0;2.9408E9
3309;0.0;2.9408E9
3310;1600000.0;2.9424E9
3311;0.0;2.9424E9
3312;1600000.0;2.944E9
3313;1596800.0;2.9455968E9
3314;3200.0;2.9456E9
3315;1600000.0;2.9472E9
3316;0.0;2.9472E9
3317;1600000.0;2.9488E9
3318;0.0;2.9488E9
3319;1600000.0;2.9504E9
3320;0.0;2.9504E9
3321;1600000.0;2.952E9
3322;1596800.0;2.9535968E9
3323;3200.0;2.9536E9
3324;1600000.0;2.9552E9
3325;0.0;2.9552E9
3326;1600000.0;2.9568E9
3327;0.0;2.9568E9
3328;1600000.0;2.9584E9
3329;0.0;2.9584E9
3330;1600000.0;2.96E9
3331;1596800.0;2.9615968E9
3332;3200.0;2.9616E9
3333;1600000.0;2.9632E9
3334;0.0;2.9632E9
3335;1600000.0;2.9648E9
3336;0.0;2.9648E9
3337;1600000.0;2.9664E9
3338;0.0;2.9664E9
3339;1600000.0;2.968E9
3340;1596800.0;2.9695968E9
3341;3200.0;2.9696E9
3342;1600000.0;2.9712E9
3343;0.0;2.9712E9
3344;1600000.0;2.9728E9
3345;0.0;2.9728E9
3346;1600000.0;2.9744E9
3347;0.0;2.9744E9
3348;1600000.0;2.976E9
3349;1596800.0;2.9775968E9
3350;3200.0;2.9776E9
3351;1600000.0;2.9792E9
3352;0.0;2.9792E9
3353;1600000.0;2.9808E9
3354;0.0;2.9808E9
3355;1600000.0;2.9824E9
3356;0.0;2.9824E9
3357;1600000.0;2.984E9
3358;1596800.0;2.9855968E9
3359;3200.0;2.9856E9
3360;1600000.0;2.9872E9
3361;0.0;2.9872E9
3362;1600000.0;2.9888E9
3363;0.0;2.9888E9
3364;1600000.0;2.9904E9
3365;0.0;2.9904E9
3366;1600000.0;2.992E9
3367;1596800.0;2.9935968E9
3368;3200.0;2.9936E9
3369;1600000.0;2.9952E9
3370;0.0;2.9952E9
3371;1600000.0;2.9968E9
3372;0.0;2.9968E9
3373;1600000.0;2.9984E9
3374;0.0;2.9984E9
3375;1600000.0;3.0E9
3376;1596800.0;3.0015968E9
3377;3200.0;3.0016E9
3378;1600000.0;3.0032E9
3379;0.0;3.0032E9
3380;1600000.0;3.0048E9
3381;0.0;3.0048E9
3382;1600000.0;3.0064E9
3383;0.0;3.0064E9
3384;1600000.0;3.008E9
3385;1596800.0;3.0095968E9
3386;3200.0;3.0096E9
3387;1600000.0;3.0112E9
3388;0.0;3.0112E9
3389;1600000.0;3.0128E9
3390;0.0;3.0128E9
3391;1600000.0;3.0144E9
3392;0.0;3.0144E9
3393;1600000.0;3.016E9
3394;1596800.0;3.0175968E9
3395;3200.0;3.0176E9
3396;1600000.0;3.0192E9
3397;0.0;3.0192E9
3398;1600000.0;3.0208E9
3399;0.0;3.0208E9
3400;1600000.0;3.0224E9
3401;0.0;3.0224E9
3402;1600000.0;3.024E9
3403;1596800.0;3.0255968E9
3404;3200.0;3.0256E9
3405;1600000.0;3.0272E9
3406;0.0;3.0272E9
3407;1600000.0;3.0288E9
3408;0.0;3.0288E9
3409;1600000.0;3.0304E9
3410;0.0;3.0304E9
3411;1600000.0;3.032E9
3412;1596800.0;3.0335968E9
3413;3200.0;3.0336E9
3414;1600000.0;3.0352E9
3415;0.0;3.0352E9
3416;1600000.0;3.0368E9
3417;0.0;3.0368E9
3418;1600000.0;3.0384E9
3419;0.0;3.0384E9
3420;1600000.0;3.04E9
3421;1596800.0;3.0415968E9
3422;3200.0;3.0416E9
3423;1600000.0;3.0432E9
3424;0.0;3.0432E9
3425;1600000.0;3.0448E9
3426;0.0;3.0448E9
3427;1600000.0;3.0464E9
3428;0.0;3.0464E9
3429;1600000.0;3.048E9
3430;1596800.0;3.0495968E9
3431;3200.0;3.0496E9
3432;1600000.0;3.0512E9
3433;0.0;3.0512E9
3434;1600000.0;3.0528E9
3435;0.0;3.0528E9
3436;1600000.0;3.0544E9
3437;0.0;3.0544E9
3438;1600000.0;3.056E9
3439;1596800.0;3.0575968E9
3440;3200.0;3.0576E9
3441;1600000.0;3.0592E9
3442;0.0;3.0592E9
3443;1600000.0;3.0608E9
3444;0.0;3.0608E9
3445;1600000.0;3.0624E9
3446;0.0;3.0624E9
3447;1600000.0;3.064E9
3448;1596800.0;3.0655968E9
3449;3200.0;3.0656E9
3450;1600000.0;3.0672E9
3451;0.0;3.0672E9
3452;1600000.0;3.0688E9
3453;0.0;3.0688E9
3454;1600000.0;3.0704E9
3455;0.0;3.0704E9
3456;1600000.0;3.072E9
3457;1596800.0;3.0735968E9
3458;3200.0;3.0736E9
3459;1600000.0;3.0752E9
3460;0.0;3.0752E9
3461;1600000.0;3.0768E9
3462;0.0;3.0768E9
3463;1600000.0;3.0784E9
3464;0.0;3.0784E9
3465;1600000.0;3.08E9
3466;1596800.0;3.0815968E9
3467;3200.0;3.0816E9
3468;1600000.0;3.0832E9
3469;0.0;3.0832E9
3470;1600000.0;3.0848E9
3471;0.0;3.0848E9
3472;1600000.0;3.0864E9
3473;0.0;3.0864E9
3474;1600000.0;3.088E9
3475;1596800.0;3.0895968E9
3476;3200.0;3.0896E9
3477;1600000.0;3.0912E9
3478;0.0;3.0912E9
3479;1600000.0;3.0928E9
3480;0.0;3.0928E9
3481;1600000.0;3.0944E9
3482;0.0;3.0944E9
3483;1600000.0;3.096E9
3484;1596800.0;3.0975968E9
3485;3200.0;3.0976E9
3486;1600000.0;3.0992E9
3487;0.0;3.0992E9
3488;1600000.0;3.1008E9
3489;0.0;3.1008E9
3490;1600000.0;3.1024E9
3491;0.0;3.1024E9
3492;1600000.0;3.104E9
3493;1596800.0;3.1055968E9
3494;3200.0;3.1056E9
3495;1600000.0;3.1072E9
3496;0.0;3.1072E9
3497;1600000.0;3.1088E9
3498;0.0;3.1088E9
3499;1600000.0;3.1104E9
3500;0.0;3.1104E9
3501;1600000.0;3.112E9
3502;1596800.0;3.1135968E9
3503;3200.0;3.1136E9
3504;1600000.0;3.1152E9
3505;0.0;3.1152E9
3506;1600000.0;3.1168E9
3507;0.0;3.1168E9
3508;1600000.0;3.1184E9
3509;0.0;3.1184E9
3510;1600000.0;3.12E9
3511;1596800.0;3.1215968E9
3512;3200.0;3.1216E9
3513;1600000.0;3.1232E9
3514;0.0;3.1232E9
3515;1600000.0;3.1248E9
3516;0.0;3.1248E9
3517;1600000.0;3.1264E9
3518;0.0;3.1264E9
3519;1600000.0;3.128E9
3520;1596800.0;3.1295968E9
3521;3200.0;3.1296E9
3522;1600000.0;3.1312E9
3523;0.0;3.1312E9
3524;1600000.0;3.1328E9
3525;0.0;3.1328E9
3526;1600000.0;3.1344E9
3527;0.0;3.1344E9
3528;1600000.0;3.136E9
3529;1596800.0;3.1375968E9
3530;3200.0;3.1376E9
3531;1600000.0;3.1392E9
3532;0.0;3.1392E9
3533;1600000.0;3.1408E9
3534;0.0;3.1408E9
3535;1600000.0;3.1424E9
3536;0.0;3.1424E9
3537;1600000.0;3.144E9
3538;1596800.0;3.1455968E9
3539;3200.0;3.1456E9
3540;1600000.0;3.1472E9
3541;0.0;3.1472E9
3542;1600000.0;3.1488E9
3543;0.0;3.1488E9
3544;1600000.0;3.1504E9
3545;0.0;3.1504E9
3546;1600000.0;3.152E9
3547;1596800.0;3.1535968E9
3548;3200.0;3.1536E9
3549;1600000.0;3.1552E9
3550;0.0;3.1552E9
3551;1600000.0;3.1568E9
3552;0.0;3.1568E9
3553;1600000.0;3.1584E9
3554;0.0;3.1584E9
3555;1600000.0;3.16E9
3556;1596800.0;3.1615968E9
3557;3200.0;3.1616E9
3558;1600000.0;3.1632E9
3559;0.0;3.1632E9
3560;1600000.0;3.1648E9
3561;0.0;3.1648E9
3562;1600000.0;3.1664E9
3563;0.0;3.1664E9
3564;1600000.0;3.168E9
3565;1596800.0;3.1695968E9
3566;3200.0;3.1696E9
3567;1600000.0;3.1712E9
3568;0.0;3.1712E9
3569;1600000.0;3.1728E9
3570;0.0;3.1728E9
3571;1600000.0;3.1744E9
3572;0.0;3.1744E9
3573;1600000.0;3.176E9
3574;1596800.0;3.1775968E9
3575;3200.0;3.1776E9
3576;1600000.0;3.1792E9
3577;0.0;3.1792E9
3578;1600000.0;3.1808E9
3579;0.0;3.1808E9
3580;1600000.0;3.1824E9
3581;0.0;3.1824E9
3582;1600000.0;3.184E9
3583;1596800.0;3.1855968E9
3584;3200.0;3.1856E9
3585;1600000.0;3.1872E9
3586;0.0;3.1872E9
3587;1600000.0;3.1888E9
3588;0.0;3.1888E9
3589;1600000.0;3.1904E9
3590;0.0;3.1904E9
3591;1600000.0;3.192E9
3592;1596800.0;3.1935968E9
3593;3200.0;3.1936E9
3594;1600000.0;3.1952E9
3595;0.0;3.1952E9
3596;1600000.0;3.1968E9
3597;0.0;3.1968E9
3598;1600000.0;3.1984E9
3599;0.0;3.1984E9
